{"type":"FeatureCollection","features":[{"type":"Feature","properties":{"district_id":"GH-WES-JOMOR","district_name":"Jomoro","region":"Western"},"geometry":{"type":"LineString","coordinates":[[-3.101902,5.089734],[-3.100939,5.089529],[-3.10001,5.089244],[-3.099311,5.089027],[-3.098428,5.088983],[-3.097798,5.088916],[-3.09703,5.088687],[-3.096273,5.088689],[-3.095402,5.088369],[-3.094599,5.088245],[-3.093763,5.088005],[-3.092674,5.08795],[-3.091585,5.08778],[-3.090816,5.087586],[-3.090243,5.087346],[-3.089853,5.08714],[-3.089131,5.087165],[-3.088226,5.087041],[-3.0874,5.086904],[-3.086586,5.086676],[-3.085715,5.086357],[-3.084339,5.086245],[-3.083732,5.086234],[-3.08309,5.086017],[-3.082367,5.085766],[-3.081806,5.085739],[-3.081244,5.085711],[-3.079284,5.085382],[-3.076532,5.084756],[-3.075902,5.0847],[-3.075421,5.084506],[-3.074882,5.084518],[-3.073724,5.084038],[-3.07283,5.083948],[-3.072188,5.084007],[-3.071603,5.083848],[-3.0708,5.083355],[-3.069849,5.083162],[-3.067074,5.082605],[-3.066249,5.082526],[-3.06586,5.082676],[-3.065034,5.082333],[-3.06438,5.082174],[-3.063773,5.081934],[-3.063234,5.082038],[-3.062776,5.082212],[-3.060965,5.081882],[-3.0592,5.081495],[-3.057686,5.081142],[-3.054751,5.080574],[-3.053387,5.080198],[-3.05247,5.07997],[-3.051301,5.079823],[-3.050509,5.079491],[-3.049615,5.079344],[-3.048537,5.079047],[-3.045419,5.078502],[-3.042978,5.078128],[-3.04143,5.077867],[-3.040547,5.077513],[-3.035961,5.076156],[-3.033707,5.075434],[-3.012998,5.069336],[-2.996361,5.065845],[-2.964958,5.058687],[-2.940713,5.053607],[-2.90931,5.048527],[-2.868902,5.038136],[-2.830803,5.030978],[-2.80217,5.024975],[-2.77146,5.018971],[-2.73821,5.008349],[-2.700111,5.004193],[-2.671248,4.999344],[-2.655315,4.991032],[-2.634996,4.982257],[-2.603362,4.978332],[-2.564339,4.975792],[-2.561835,4.984771],[-2.559893,4.986973]]}},{"type":"Feature","properties":{"district_id":"GH-WES-ELLEM","district_name":"Ellembelle","region":"Western"},"geometry":{"type":"LineString","coordinates":[[-2.559893,4.986973],[-2.555751,4.985701],[-2.55374,4.982341],[-2.545456,4.979998],[-2.535292,4.977245],[-2.522866,4.973894],[-2.512157,4.970787],[-2.499788,4.968056],[-2.49916,4.968041],[-2.498318,4.967769],[-2.497806,4.967692],[-2.497283,4.967578],[-2.496504,4.96753],[-2.495592,4.967343],[-2.495256,4.967274],[-2.494031,4.967041],[-2.492794,4.966854],[-2.491706,4.966633],[-2.491048,4.966522],[-2.490389,4.966411],[-2.48929,4.966075],[-2.488282,4.965924],[-2.48716,4.965634],[-2.486366,4.965494],[-2.4859,4.965412],[-2.485099,4.96525],[-2.484412,4.965133],[-2.48377,4.965005],[-2.482695,4.964623],[-2.481481,4.964298],[-2.480111,4.964192],[-2.479946,4.96418],[-2.47864,4.963912],[-2.476889,4.963505],[-2.476287,4.963406],[-2.475686,4.963307],[-2.473196,4.962698],[-2.472652,4.962564],[-2.471186,4.962262],[-2.469663,4.961936],[-2.468838,4.961923],[-2.467831,4.961599],[-2.466808,4.961365],[-2.466709,4.961343],[-2.465678,4.961237],[-2.465421,4.961156],[-2.463787,4.960788],[-2.461595,4.960348],[-2.460582,4.960075],[-2.45938,4.959819],[-2.458098,4.959586],[-2.457262,4.959458],[-2.456151,4.959133],[-2.454766,4.958808],[-2.452131,4.958268],[-2.451502,4.95811],[-2.449808,4.95775],[-2.448811,4.957609],[-2.447735,4.957285],[-2.446361,4.957166],[-2.445239,4.956727],[-2.4443,4.956414],[-2.443825,4.956356],[-2.443349,4.956297],[-2.441933,4.955943],[-2.441724,4.955891],[-2.440315,4.955508],[-2.439159,4.955264],[-2.438112,4.954971],[-2.437957,4.954927],[-2.437121,4.95481],[-2.43625,4.954693],[-2.435437,4.95445],[-2.434671,4.954138],[-2.434087,4.953826],[-2.433377,4.953709],[-2.432632,4.953684],[-2.431831,4.953498],[-2.431298,4.953411],[-2.430766,4.953323],[-2.429804,4.953057],[-2.428808,4.95279],[-2.428184,4.952627],[-2.42756,4.952465],[-2.426072,4.952105],[-2.4248,4.951872],[-2.423678,4.951673],[-2.423072,4.951316],[-2.422396,4.951279],[-2.421807,4.951126],[-2.42164,4.951082],[-2.420965,4.95077],[-2.420593,4.950712],[-2.420221,4.950653],[-2.419511,4.950674],[-2.418949,4.950489],[-2.418286,4.950246],[-2.417519,4.94998],[-2.41658,4.949771],[-2.415858,4.949631],[-2.415475,4.949549],[-2.415091,4.949468],[-2.414164,4.949201],[-2.413418,4.949014],[-2.413053,4.948923],[-2.412309,4.948714],[-2.411233,4.948527],[-2.410122,4.948249],[-2.409286,4.948028],[-2.408416,4.947658],[-2.407398,4.947311],[-2.406687,4.9471],[-2.406459,4.947032],[-2.405543,4.94695],[-2.404887,4.94689],[-2.404764,4.946879],[-2.404283,4.946636],[-2.403745,4.946451],[-2.403161,4.946438],[-2.402646,4.946322],[-2.402087,4.94619],[-2.401856,4.946136],[-2.401054,4.945984],[-2.400207,4.94566],[-2.399528,4.945495],[-2.399303,4.94544],[-2.398364,4.945219],[-2.398077,4.945172],[-2.397757,4.945125],[-2.397505,4.945021],[-2.397161,4.945055],[-2.396817,4.94502],[-2.396394,4.944858],[-2.395982,4.944822],[-2.395524,4.944683],[-2.394917,4.944451],[-2.394728,4.944417],[-2.394539,4.944382],[-2.393932,4.944345],[-2.393302,4.944149],[-2.392907,4.944015],[-2.392513,4.943882],[-2.391986,4.943823],[-2.391424,4.943787],[-2.390863,4.943637],[-2.390302,4.943497],[-2.389661,4.943507],[-2.389077,4.943413],[-2.388252,4.943159],[-2.387846,4.9431],[-2.387439,4.943041],[-2.386534,4.943028],[-2.385801,4.943026],[-2.385342,4.943208],[-2.385147,4.943495],[-2.38525,4.943671],[-2.383571,4.943459],[-2.383566,4.943261],[-2.383339,4.942686],[-2.383031,4.942225],[-2.382551,4.94165],[-2.382276,4.941419],[-2.382002,4.941189],[-2.381269,4.941003],[-2.380399,4.940897],[-2.379809,4.940717],[-2.37922,4.940538],[-2.377892,4.940109],[-2.376884,4.939831],[-2.375888,4.939518],[-2.37511,4.939286],[-2.374022,4.938996],[-2.373175,4.938637],[-2.372329,4.938313],[-2.37155,4.938058],[-2.37044,4.937745],[-2.369467,4.937408],[-2.369169,4.937305],[-2.368185,4.936969],[-2.367109,4.93661],[-2.366514,4.936333],[-2.365609,4.93625],[-2.365357,4.936215],[-2.365105,4.93618],[-2.364783,4.935902],[-2.364705,4.935834],[-2.364327,4.935741],[-2.363949,4.935648],[-2.363388,4.935359],[-2.362587,4.935162],[-2.362198,4.935069],[-2.361808,4.934976],[-2.36087,4.93464],[-2.359576,4.934211],[-2.358546,4.933967],[-2.357447,4.933654],[-2.357144,4.933504],[-2.35684,4.933354],[-2.355616,4.932833],[-2.354941,4.932579],[-2.353991,4.932254],[-2.353086,4.932172],[-2.352681,4.932053],[-2.35241,4.931974],[-2.351586,4.93157],[-2.350362,4.93113],[-2.349389,4.93084],[-2.349199,4.930757],[-2.348542,4.93047],[-2.347489,4.930192],[-2.347107,4.930108],[-2.346424,4.929959],[-2.345806,4.92967],[-2.344993,4.92938],[-2.344581,4.929296],[-2.343745,4.929124],[-2.343001,4.928812],[-2.342521,4.928627],[-2.342191,4.928604],[-2.340001,4.927744],[-2.339293,4.9274],[-2.337725,4.926706],[-2.336672,4.926474],[-2.336531,4.926455],[-2.335099,4.925993],[-2.333599,4.92519],[-2.33325,4.924982],[-2.332277,4.924577],[-2.331614,4.924311],[-2.331075,4.924356],[-2.330902,4.924337],[-2.328935,4.923568],[-2.327722,4.923151],[-2.327161,4.922771],[-2.326715,4.922574],[-2.325713,4.922466],[-2.323326,4.921551],[-2.322921,4.921168],[-2.322789,4.921047],[-2.322228,4.920827],[-2.321736,4.920768],[-2.321015,4.920593],[-2.320019,4.920154],[-2.319207,4.919738],[-2.318745,4.919555],[-2.317982,4.919252],[-2.317238,4.918951],[-2.316357,4.918547],[-2.315201,4.918061],[-2.314515,4.917858],[-2.313828,4.917655],[-2.313313,4.917309],[-2.312501,4.917042],[-2.311528,4.916649],[-2.311009,4.916421],[-2.308015,4.915122],[-2.306835,4.914797],[-2.306034,4.914542],[-2.305817,4.914415],[-2.3056,4.914288],[-2.30489,4.913907],[-2.304227,4.913492],[-2.303571,4.913204],[-2.303357,4.91311],[-2.302625,4.912844],[-2.301915,4.9126],[-2.301331,4.912334],[-2.300839,4.912402],[-2.300335,4.912286],[-2.299454,4.911881],[-2.298023,4.91144],[-2.297348,4.911186],[-2.29701,4.911013],[-2.296673,4.910839],[-2.295791,4.910458],[-2.295208,4.910134],[-2.29419,4.909683],[-2.293126,4.909209],[-2.292439,4.908851],[-2.292119,4.908718],[-2.291798,4.908585],[-2.290585,4.908329],[-2.289704,4.907981],[-2.2892,4.907693],[-2.288594,4.907254],[-2.287655,4.907045],[-2.287363,4.906958],[-2.287072,4.906871],[-2.286728,4.90668],[-2.28539,4.906056],[-2.284955,4.905854],[-2.284051,4.90538],[-2.282827,4.904825],[-2.281557,4.904316],[-2.280149,4.903588],[-2.278811,4.902837],[-2.277369,4.902075],[-2.275893,4.901347],[-2.275605,4.901186],[-2.274647,4.900654],[-2.273251,4.900029],[-2.272564,4.899637],[-2.269984,4.899616]]}},{"type":"Feature","properties":{"district_id":"GH-WES-NZEMA","district_name":"Nzema East","region":"Western"},"geometry":{"type":"LineString","coordinates":[[-2.269984,4.899616],[-2.26843,4.899011],[-2.26792,4.895643],[-2.269416,4.892296],[-2.260352,4.8893],[-2.257646,4.888206],[-2.254065,4.886289],[-2.250372,4.884212],[-2.247734,4.880324],[-2.247038,4.878029],[-2.247215,4.876552],[-2.24827,4.875698],[-2.247976,4.874399],[-2.246853,4.874476],[-2.24589,4.873482],[-2.245951,4.869969],[-2.243793,4.863063],[-2.241761,4.862454],[-2.243146,4.859287],[-2.246383,4.858747],[-2.247462,4.855294],[-2.243578,4.854323],[-2.240959,4.852001],[-2.235997,4.849632],[-2.23009,4.848496],[-2.225989,4.84623],[-2.221491,4.843687],[-2.213796,4.840296],[-2.210883,4.838569],[-2.208077,4.836303],[-2.206783,4.833282],[-2.204085,4.831556],[-2.203484,4.827357],[-2.20279,4.824866],[-2.203546,4.821952],[-2.198906,4.820549],[-2.185877,4.817593],[-2.185368,4.817292],[-2.184645,4.817094],[-2.184143,4.816818],[-2.183771,4.816644],[-2.183222,4.816424],[-2.18285,4.816147],[-2.181253,4.815562]]}},{"type":"Feature","properties":{"district_id":"GH-WES-AHANT","district_name":"Ahanta West","region":"Western"},"geometry":{"type":"LineString","coordinates":[[-2.181253,4.815562],[-2.174527,4.812841],[-2.174367,4.812697],[-2.174173,4.812168],[-2.174025,4.811857],[-2.173866,4.811488],[-2.173878,4.811212],[-2.174212,4.810535],[-2.174271,4.810052],[-2.174237,4.809834],[-2.174031,4.809638],[-2.173929,4.809453],[-2.173746,4.809188],[-2.173254,4.809141],[-2.172909,4.809267],[-2.172531,4.809208],[-2.172348,4.80915],[-2.171803,4.808547],[-2.169808,4.807706],[-2.169579,4.807475],[-2.1695,4.807176],[-2.169501,4.806716],[-2.16941,4.806394],[-2.169377,4.806003],[-2.169401,4.805715],[-2.169505,4.80544],[-2.169563,4.80513],[-2.169603,4.805032],[-2.169644,4.804934],[-2.169758,4.804889],[-2.169885,4.804878],[-2.170102,4.804959],[-2.170297,4.804902],[-2.170481,4.804891],[-2.170755,4.804949],[-2.171019,4.804996],[-2.17118,4.804893],[-2.171237,4.804801],[-2.171318,4.804663],[-2.171501,4.804664],[-2.171524,4.804825],[-2.17158,4.804997],[-2.171707,4.804963],[-2.171788,4.804779],[-2.171822,4.80463],[-2.171949,4.804515],[-2.172064,4.804366],[-2.17203,4.804194],[-2.172053,4.804021],[-2.17226,4.803964],[-2.172295,4.803723],[-2.172169,4.803539],[-2.172158,4.803435],[-2.172102,4.80309],[-2.171964,4.802986],[-2.171746,4.803032],[-2.171643,4.802997],[-2.171621,4.802859],[-2.17177,4.802756],[-2.171874,4.802653],[-2.171817,4.802549],[-2.171702,4.802514],[-2.171507,4.802445],[-2.17145,4.802364],[-2.171393,4.802283],[-2.171141,4.802179],[-2.17097,4.802041],[-2.170982,4.801834],[-2.170983,4.801615],[-2.170742,4.801592],[-2.170559,4.801545],[-2.170501,4.801476],[-2.170341,4.801384],[-2.170078,4.801348],[-2.169998,4.801199],[-2.169861,4.80106],[-2.169678,4.800979],[-2.169506,4.800956],[-2.16938,4.800841],[-2.169197,4.800668],[-2.168786,4.800321],[-2.168592,4.800033],[-2.168399,4.799286],[-2.16832,4.798779],[-2.168412,4.798642],[-2.168653,4.798596],[-2.168917,4.798551],[-2.169054,4.798552],[-2.169101,4.798356],[-2.169101,4.798241],[-2.16909,4.798138],[-2.169044,4.798023],[-2.169056,4.797908],[-2.169137,4.79769],[-2.16908,4.797528],[-2.169011,4.797482],[-2.16892,4.797379],[-2.168898,4.797252],[-2.168909,4.79708],[-2.168807,4.796987],[-2.168623,4.796872],[-2.168555,4.79678],[-2.168487,4.796618],[-2.168384,4.796503],[-2.168281,4.796491],[-2.16812,4.796468],[-2.168063,4.79637],[-2.168098,4.796238],[-2.168224,4.796181],[-2.168271,4.796043],[-2.168236,4.795939],[-2.168214,4.79575],[-2.168294,4.795687],[-2.168455,4.795647],[-2.168536,4.795549],[-2.168547,4.795446],[-2.168674,4.795354],[-2.1688,4.795401],[-2.168937,4.79547],[-2.169132,4.795425],[-2.169178,4.795264],[-2.169305,4.795172],[-2.1695,4.795127],[-2.16974,4.795035],[-2.169924,4.794932],[-2.170096,4.794921],[-2.170234,4.79483],[-2.170309,4.794715],[-2.170372,4.794566],[-2.170487,4.794417],[-2.170659,4.794233],[-2.17066,4.794026],[-2.17058,4.793888],[-2.170535,4.793704],[-2.170524,4.793531],[-2.170467,4.793347],[-2.170468,4.793117],[-2.1704,4.792738],[-2.170251,4.792645],[-2.170111,4.792542],[-2.170086,4.792358],[-2.170086,4.792191],[-2.170081,4.792001],[-2.169956,4.791851],[-2.16975,4.791736],[-2.169624,4.791563],[-2.16951,4.791482],[-2.169246,4.791516],[-2.169189,4.791608],[-2.169176,4.79178],[-2.169039,4.791837],[-2.168947,4.791733],[-2.168868,4.791572],[-2.168845,4.791377],[-2.168857,4.791239],[-2.1688,4.791112],[-2.168709,4.791089],[-2.168548,4.79118],[-2.168479,4.791295],[-2.168386,4.791571],[-2.168328,4.791801],[-2.168316,4.792168],[-2.168258,4.792387],[-2.168074,4.792467],[-2.168039,4.792697],[-2.168073,4.792904],[-2.168119,4.793053],[-2.168164,4.793249],[-2.168163,4.793387],[-2.168037,4.793536],[-2.167899,4.793731],[-2.167898,4.793972],[-2.167943,4.79426],[-2.167885,4.79457],[-2.167701,4.7948],[-2.167414,4.79504],[-2.167367,4.79527],[-2.167367,4.795489],[-2.167412,4.795673],[-2.167526,4.795995],[-2.167502,4.796121],[-2.16733,4.796282],[-2.166997,4.796419],[-2.166619,4.796544],[-2.16632,4.796681],[-2.166057,4.79675],[-2.165879,4.79676],[-2.165701,4.796771],[-2.165415,4.796817],[-2.165151,4.796931],[-2.164818,4.79701],[-2.164485,4.797055],[-2.164142,4.7971],[-2.163889,4.79718],[-2.163545,4.79734],[-2.1632,4.797512],[-2.162845,4.797614],[-2.162558,4.797636],[-2.161962,4.797669],[-2.161298,4.797679],[-2.160575,4.797642],[-2.16006,4.79771],[-2.159681,4.797766],[-2.159395,4.797754],[-2.159017,4.797718],[-2.158581,4.797786],[-2.157801,4.797968],[-2.156632,4.797987],[-2.155933,4.797882],[-2.154673,4.797798],[-2.154467,4.797751],[-2.15418,4.797739],[-2.153767,4.797761],[-2.153378,4.797829],[-2.152977,4.79777],[-2.152725,4.797631],[-2.152622,4.797585],[-2.152289,4.797527],[-2.151843,4.797502],[-2.151613,4.797456],[-2.151339,4.79734],[-2.150789,4.797292],[-2.150628,4.797303],[-2.150308,4.797256],[-2.15009,4.797152],[-2.149712,4.797197],[-2.149334,4.797139],[-2.149082,4.797103],[-2.14883,4.797068],[-2.148383,4.797113],[-2.148153,4.797055],[-2.148062,4.797008],[-2.147879,4.79695],[-2.147501,4.796869],[-2.1471,4.79681],[-2.146825,4.796717],[-2.14647,4.79659],[-2.14615,4.796417],[-2.145772,4.796186],[-2.145406,4.796001],[-2.145039,4.795942],[-2.144638,4.795895],[-2.144226,4.795871],[-2.14402,4.79579],[-2.143642,4.795628],[-2.143253,4.795431],[-2.143018,4.79535],[-2.141307,4.79458],[-2.141192,4.794586],[-2.141032,4.794562],[-2.140917,4.794516],[-2.140712,4.794274],[-2.140529,4.794135],[-2.140357,4.794089],[-2.140036,4.793985],[-2.139773,4.79388],[-2.139544,4.793753],[-2.139361,4.793649],[-2.139189,4.793557],[-2.138926,4.793464],[-2.13872,4.793417],[-2.138377,4.793278],[-2.138125,4.793082],[-2.137896,4.792967],[-2.137678,4.792897],[-2.137266,4.792735],[-2.136992,4.792585],[-2.136786,4.792377],[-2.136546,4.792077],[-2.136524,4.791893],[-2.136673,4.791756],[-2.136833,4.791779],[-2.13696,4.791665],[-2.136903,4.791412],[-2.136617,4.791238],[-2.136469,4.791111],[-2.13632,4.791099],[-2.136182,4.791202],[-2.135929,4.791294],[-2.13562,4.791097],[-2.135415,4.790763],[-2.135256,4.790429],[-2.135154,4.789935],[-2.135029,4.789635],[-2.134834,4.789531],[-2.134376,4.789519],[-2.134021,4.789506],[-2.133711,4.789471],[-2.133436,4.789424],[-2.133035,4.789446],[-2.132817,4.789618],[-2.132759,4.789813],[-2.132632,4.790077],[-2.132402,4.790306],[-2.132321,4.790559],[-2.132229,4.790754],[-2.131896,4.790972],[-2.131392,4.791039],[-2.13095,4.79109],[-2.130509,4.79114],[-2.129867,4.791069],[-2.129249,4.79086],[-2.128814,4.790698],[-2.128344,4.790628],[-2.127954,4.790661],[-2.127427,4.790579],[-2.127107,4.790452],[-2.126946,4.790405],[-2.126775,4.790278],[-2.126512,4.790197],[-2.126316,4.79022],[-2.125984,4.790196],[-2.125607,4.790068],[-2.125251,4.790056],[-2.124667,4.790042],[-2.12422,4.790018],[-2.123968,4.789971],[-2.123613,4.789821],[-2.123384,4.789763],[-2.122903,4.789796],[-2.122513,4.789703],[-2.122284,4.789656],[-2.122124,4.789426],[-2.121895,4.789229],[-2.121724,4.789206],[-2.121483,4.789102],[-2.121186,4.788963],[-2.120866,4.788709],[-2.120648,4.788467],[-2.120431,4.788248],[-2.120122,4.788109],[-2.119916,4.788108],[-2.119653,4.787993],[-2.119367,4.787865],[-2.119023,4.787634],[-2.118691,4.787472],[-2.118474,4.787334],[-2.118291,4.787161],[-2.118177,4.786965],[-2.117891,4.786884],[-2.117593,4.786837],[-2.117181,4.786709],[-2.116803,4.786559],[-2.116448,4.786351],[-2.116174,4.786235],[-2.115762,4.786038],[-2.115407,4.785853],[-2.115132,4.78576],[-2.1148,4.785644],[-2.114388,4.785264],[-2.111324,4.782702],[-2.111096,4.782483],[-2.110867,4.782483],[-2.110397,4.782343],[-2.110088,4.782032],[-2.109734,4.78172],[-2.109346,4.781374],[-2.109014,4.781074],[-2.108603,4.780717],[-2.108226,4.780267],[-2.107963,4.780025],[-2.107632,4.779507],[-2.107392,4.779092],[-2.107141,4.77885],[-2.106866,4.778596],[-2.106712,4.7784],[-2.105145,4.775556],[-2.10632,4.772121],[-2.107702,4.771102],[-2.108445,4.770035],[-2.10876,4.769812],[-2.108932,4.769715],[-2.109197,4.769543],[-2.109473,4.769095],[-2.109588,4.768843],[-2.109521,4.768532],[-2.109648,4.768142],[-2.109981,4.767844],[-2.110452,4.76758],[-2.110819,4.767524],[-2.11114,4.767536],[-2.111306,4.767497],[-2.111472,4.767457],[-2.111748,4.767262],[-2.111943,4.767113],[-2.112184,4.766965],[-2.112242,4.766804],[-2.112334,4.766459],[-2.112484,4.766253],[-2.112633,4.766046],[-2.112875,4.765851],[-2.112887,4.765645],[-2.112923,4.765231],[-2.113084,4.764886],[-2.113222,4.764576],[-2.113361,4.764335],[-2.113499,4.764198],[-2.113488,4.76406],[-2.113477,4.763738],[-2.113374,4.763645],[-2.113042,4.763633],[-2.112606,4.76377],[-2.112147,4.763952],[-2.111768,4.764055],[-2.111425,4.764123],[-2.111126,4.764145],[-2.110748,4.764236],[-2.110289,4.7642],[-2.110015,4.764084],[-2.109638,4.763761],[-2.109386,4.763519],[-2.109387,4.763266],[-2.109285,4.762748],[-2.109286,4.762611],[-2.109539,4.762231],[-2.110055,4.762233],[-2.110215,4.762228],[-2.110376,4.762222],[-2.11064,4.762039],[-2.110927,4.761822],[-2.111191,4.761707],[-2.111386,4.76157],[-2.111479,4.761271],[-2.111422,4.76103],[-2.111239,4.760857],[-2.110861,4.760936],[-2.110677,4.761039],[-2.110482,4.761033],[-2.110609,4.760774],[-2.110701,4.760614],[-2.110713,4.760453],[-2.110874,4.760189],[-2.111012,4.760051],[-2.111036,4.759936],[-2.110555,4.75771],[-2.110733,4.757624],[-2.111054,4.757579],[-2.111249,4.757511],[-2.11133,4.757258],[-2.11133,4.757063],[-2.111446,4.756902],[-2.111469,4.756718],[-2.111401,4.75635],[-2.111529,4.755994],[-2.11161,4.755649],[-2.111616,4.755517],[-2.111622,4.755385],[-2.111542,4.755086],[-2.111612,4.754833],[-2.111727,4.754672],[-2.111716,4.754569],[-2.111533,4.754396],[-2.111029,4.754486],[-2.110638,4.754727],[-2.110466,4.754922],[-2.11027,4.755036],[-2.109961,4.755001],[-2.109572,4.754965],[-2.109331,4.754918],[-2.109057,4.75455],[-2.109218,4.754412],[-2.109333,4.754389],[-2.109127,4.754032],[-2.109007,4.753986],[-2.108887,4.75394],[-2.108669,4.753847],[-2.10844,4.753869],[-2.108314,4.753949],[-2.10821,4.754076],[-2.108073,4.754006],[-2.10773,4.753764],[-2.107386,4.753751],[-2.107123,4.753739],[-2.106847,4.75383],[-2.106561,4.753887],[-2.106206,4.753587],[-2.106024,4.753287],[-2.105921,4.753212],[-2.105818,4.753137],[-2.105555,4.753022],[-2.105337,4.753009],[-2.105107,4.753032],[-2.105004,4.753112],[-2.10482,4.753272],[-2.104625,4.753352],[-2.104442,4.753237],[-2.104259,4.753236],[-2.104259,4.753363],[-2.104063,4.753454],[-2.103823,4.753522],[-2.103593,4.753545],[-2.103331,4.753233],[-2.102964,4.753037],[-2.102586,4.753013],[-2.102243,4.753046],[-2.101979,4.753022],[-2.101761,4.753045],[-2.101589,4.753125],[-2.101302,4.753262],[-2.101027,4.753227],[-2.100775,4.753145],[-2.100283,4.753052],[-2.100019,4.752971],[-2.099664,4.75282],[-2.099621,4.75273],[-2.093952,4.749024],[-2.093289,4.748299],[-2.092775,4.747792],[-2.092638,4.747459],[-2.092707,4.747092],[-2.092662,4.746988],[-2.092502,4.746953],[-2.092398,4.746988],[-2.092238,4.746976],[-2.092113,4.746803],[-2.091615,4.746057],[-2.091553,4.745964],[-2.091291,4.745469],[-2.091188,4.745067],[-2.091235,4.744642],[-2.09143,4.744264],[-2.091671,4.743862],[-2.091729,4.743621],[-2.092143,4.742887],[-2.092315,4.742577],[-2.092545,4.742129],[-2.092672,4.741567],[-2.092718,4.74113],[-2.092713,4.740981],[-2.092707,4.740832],[-2.092651,4.740533],[-2.092502,4.740314],[-2.0924,4.74013],[-2.092332,4.739705],[-2.092298,4.739246],[-2.092264,4.73897],[-2.092196,4.738832],[-2.092128,4.738774],[-2.091876,4.738774],[-2.091727,4.738866],[-2.091635,4.738934],[-2.091486,4.738934],[-2.091337,4.739049],[-2.091257,4.739198],[-2.091153,4.739335],[-2.090958,4.739519],[-2.090855,4.739702],[-2.090831,4.739978],[-2.09074,4.740093],[-2.090533,4.740207],[-2.09043,4.740391],[-2.0902,4.740701],[-2.089891,4.741068],[-2.089822,4.741205],[-2.089798,4.741435],[-2.089764,4.741573],[-2.089649,4.741676],[-2.089431,4.741836],[-2.089098,4.742192],[-2.08872,4.742673],[-2.088628,4.742937],[-2.088501,4.743293],[-2.088398,4.743454],[-2.08826,4.743546],[-2.088031,4.743603],[-2.087745,4.743568],[-2.087585,4.743487],[-2.087493,4.743452],[-2.087402,4.743418],[-2.087184,4.743383],[-2.086944,4.743463],[-2.086542,4.743772],[-2.086279,4.743978],[-2.086084,4.744081],[-2.08582,4.744207],[-2.085706,4.744287],[-2.085591,4.744368],[-2.085534,4.744494],[-2.085522,4.744632],[-2.085602,4.744793],[-2.085773,4.744827],[-2.086037,4.744724],[-2.086169,4.744633],[-2.085971,4.74612],[-2.084911,4.746796],[-2.084785,4.746882],[-2.08451,4.747042],[-2.084269,4.747122],[-2.084017,4.747259],[-2.083879,4.747385],[-2.083685,4.747408],[-2.083353,4.747419],[-2.083089,4.747499],[-2.082871,4.747694],[-2.079595,4.748641],[-2.078748,4.748559],[-2.078004,4.748419],[-2.077615,4.748189],[-2.077387,4.747867],[-2.077318,4.747626],[-2.077285,4.747396],[-2.077285,4.747097],[-2.07732,4.74681],[-2.077292,4.746672],[-2.077206,4.746615],[-2.077126,4.746637],[-2.077045,4.74666],[-2.076931,4.746729],[-2.076828,4.746832],[-2.076378,4.748296],[-2.074214,4.748481],[-2.073882,4.748389],[-2.073608,4.748377],[-2.073355,4.748434],[-2.073035,4.74849],[-2.072772,4.748479],[-2.072462,4.748455],[-2.071925,4.748339],[-2.070924,4.747723],[-2.070735,4.747533],[-2.070736,4.747303],[-2.070874,4.747016],[-2.071069,4.746798],[-2.071218,4.746672],[-2.071275,4.746569],[-2.071298,4.74642],[-2.071184,4.746408],[-2.071035,4.746373],[-2.07099,4.746178],[-2.070956,4.746097],[-2.070818,4.746097],[-2.070657,4.746269],[-2.070485,4.746407],[-2.070268,4.746624],[-2.070164,4.746716],[-2.06997,4.746773],[-2.069718,4.74675],[-2.069489,4.746589],[-2.069032,4.746151],[-2.068929,4.745967],[-2.068918,4.745772],[-2.068792,4.745726],[-2.068552,4.745783],[-2.068346,4.745771],[-2.068283,4.745713],[-2.06822,4.745656],[-2.068152,4.745345],[-2.068199,4.744944],[-2.068268,4.744679],[-2.068302,4.744427],[-2.06836,4.744197],[-2.068452,4.744048],[-2.068578,4.743887],[-2.06859,4.743784],[-2.068534,4.743382],[-2.068557,4.743129],[-2.068517,4.743003],[-2.068374,4.742968],[-2.068259,4.743025],[-2.068144,4.74322],[-2.068064,4.743427],[-2.067926,4.743611],[-2.067777,4.743691],[-2.067594,4.743702],[-2.067434,4.74361],[-2.067354,4.743564],[-2.067239,4.743552],[-2.067239,4.743632],[-2.067308,4.743805],[-2.067261,4.744023],[-2.067112,4.74431],[-2.066951,4.744585],[-2.066916,4.744734],[-2.066802,4.744929],[-2.066687,4.745033],[-2.066641,4.745205],[-2.066606,4.745434],[-2.066583,4.745526],[-2.065711,4.746306],[-2.065425,4.746546],[-2.065127,4.746626],[-2.064669,4.746648],[-2.064463,4.746522],[-2.064366,4.746355],[-2.064269,4.746188],[-2.064155,4.746004],[-2.064006,4.745969],[-2.06388,4.745912],[-2.063892,4.745647],[-2.063938,4.745498],[-2.063904,4.745337],[-2.063756,4.745222],[-2.063561,4.74513],[-2.063367,4.745038],[-2.063172,4.74506],[-2.062931,4.745129],[-2.062817,4.74506],[-2.062657,4.744864],[-2.062417,4.744772],[-2.062337,4.744691],[-2.06224,4.744668],[-2.062199,4.744829],[-2.062119,4.744909],[-2.061867,4.744863],[-2.06169,4.74477],[-2.061513,4.744678],[-2.061158,4.744563],[-2.060998,4.744528],[-2.060963,4.744424],[-2.061009,4.744287],[-2.06101,4.744137],[-2.060816,4.743988],[-2.060621,4.744022],[-2.060403,4.743975],[-2.060232,4.743952],[-2.060163,4.744044],[-2.060151,4.744182],[-2.059727,4.744238],[-2.05959,4.744307],[-2.059452,4.74441],[-2.059337,4.744467],[-2.059269,4.74441],[-2.059281,4.744134],[-2.059236,4.743812],[-2.059076,4.743743],[-2.058927,4.743743],[-2.058847,4.743616],[-2.058859,4.743421],[-2.058744,4.743283],[-2.058618,4.74326],[-2.058481,4.743282],[-2.058298,4.743408],[-2.058171,4.743592],[-2.058068,4.743844],[-2.057896,4.74397],[-2.057633,4.743958],[-2.057312,4.743877],[-2.057072,4.743911],[-2.056877,4.743796],[-2.056729,4.743612],[-2.056661,4.743256],[-2.056719,4.742923],[-2.056799,4.742567],[-2.0568,4.742372],[-2.05672,4.742142],[-2.056549,4.741981],[-2.056412,4.741762],[-2.056298,4.741406],[-2.056253,4.741061],[-2.056196,4.740728],[-2.056059,4.740705],[-2.055933,4.740808],[-2.055761,4.740842],[-2.055658,4.740727],[-2.055658,4.740589],[-2.055636,4.74029],[-2.055625,4.740187],[-2.05551,4.740049],[-2.055316,4.739991],[-2.055099,4.739887],[-2.05487,4.739853],[-2.054629,4.739783],[-2.054549,4.739794],[-2.054469,4.739806],[-2.054355,4.739875],[-2.054263,4.740001],[-2.054251,4.740184],[-2.054285,4.740357],[-2.054376,4.740644],[-2.054433,4.740817],[-2.054433,4.74092],[-2.054363,4.741046],[-2.05426,4.741149],[-2.054237,4.741241],[-2.054363,4.741356],[-2.054443,4.741448],[-2.054466,4.741598],[-2.054164,4.743544],[-2.053637,4.744158],[-2.053545,4.74418],[-2.053464,4.744341],[-2.053349,4.744708],[-2.053257,4.744869],[-2.053108,4.744903],[-2.052868,4.744822],[-2.0528,4.744592],[-2.052697,4.744592],[-2.052479,4.744764],[-2.052318,4.744913],[-2.052055,4.74505],[-2.051585,4.745371],[-2.051493,4.745486],[-2.051367,4.745601],[-2.051206,4.7456],[-2.051115,4.745462],[-2.051075,4.74537],[-2.051035,4.745278],[-2.050921,4.745244],[-2.050852,4.745404],[-2.05084,4.745657],[-2.050874,4.745829],[-2.050988,4.746048],[-2.051068,4.746312],[-2.051113,4.746507],[-2.051262,4.746508],[-2.051308,4.746301],[-2.051389,4.746152],[-2.051515,4.746106],[-2.051572,4.746164],[-2.051629,4.746221],[-2.051674,4.746417],[-2.051685,4.74675],[-2.051478,4.747048],[-2.051169,4.747174],[-2.050688,4.747161],[-2.050356,4.747195],[-2.05007,4.747344],[-2.04992,4.747401],[-2.049658,4.747251],[-2.049612,4.747148],[-2.049566,4.747044],[-2.049383,4.74701],[-2.049154,4.747158],[-2.049096,4.747411],[-2.049027,4.747675],[-2.048878,4.747836],[-2.048683,4.748008],[-2.048591,4.748042],[-2.04842,4.747961],[-2.048259,4.747961],[-2.048053,4.748018],[-2.047824,4.748006],[-2.047618,4.748051],[-2.047469,4.748155],[-2.047331,4.748556],[-2.047239,4.748912],[-2.047135,4.748969],[-2.046952,4.748923],[-2.046769,4.748865],[-2.046666,4.748865],[-2.046631,4.749118],[-2.046734,4.749359],[-2.046751,4.74948],[-2.046768,4.7496],[-2.046698,4.749842],[-2.046515,4.750059],[-2.046205,4.750599],[-2.046044,4.750805],[-2.045849,4.750977],[-2.045757,4.751092],[-2.045723,4.751178],[-2.045711,4.751287],[-2.045803,4.751345],[-2.045986,4.751299],[-2.046169,4.751081],[-2.046296,4.75092],[-2.046708,4.751594],[-2.045331,4.752711],[-2.044986,4.752816],[-2.044816,4.752855],[-2.044304,4.753213],[-2.0441,4.753248],[-2.04396,4.753327],[-2.04384,4.75338],[-2.043787,4.753441],[-2.042984,4.753668],[-2.042754,4.753667],[-2.042468,4.753666],[-2.042238,4.753666],[-2.042009,4.753665],[-2.041664,4.753836],[-2.041263,4.753835],[-2.041091,4.753834],[-2.041033,4.75372],[-2.040804,4.753662],[-2.040518,4.753518],[-2.038888,4.753081],[-2.038851,4.755259],[-2.035822,4.755978],[-2.035296,4.754076],[-2.035182,4.753647],[-2.035527,4.753419],[-2.035757,4.753305],[-2.035929,4.753249],[-2.036538,4.752246],[-2.036527,4.752096],[-2.036482,4.751866],[-2.036379,4.751728],[-2.036173,4.751625],[-2.035967,4.751544],[-2.035704,4.751532],[-2.035463,4.751612],[-2.034267,4.753739],[-2.034255,4.753911],[-2.034128,4.75421],[-2.034104,4.754474],[-2.034011,4.754715],[-2.033725,4.754761],[-2.033449,4.754955],[-2.033414,4.755162],[-2.033184,4.755403],[-2.032943,4.755483],[-2.032565,4.755665],[-2.032197,4.75586],[-2.031795,4.7561],[-2.031394,4.756248],[-2.030568,4.756453],[-2.029868,4.756657],[-2.029421,4.756817],[-2.028859,4.756896],[-2.028251,4.756951],[-2.027666,4.757065],[-2.0273,4.757213],[-2.026715,4.757372],[-2.025431,4.757357],[-2.023975,4.757467],[-2.022336,4.75737],[-2.020582,4.757583],[-2.019986,4.75765],[-2.019413,4.757488],[-2.018841,4.757313],[-2.018062,4.757254],[-2.017248,4.757205],[-2.016549,4.757191],[-2.015357,4.757188],[-2.014773,4.757174],[-2.013924,4.757206],[-2.013306,4.75702],[-2.012814,4.756846],[-2.012264,4.756856],[-2.011816,4.757085],[-2.011426,4.757153],[-2.010692,4.757334],[-2.009682,4.757642],[-2.009063,4.757858],[-2.008558,4.758075],[-2.008168,4.75812],[-2.007572,4.758187],[-2.007136,4.758278],[-1.998009,4.759301],[-1.997895,4.759311],[-1.997798,4.759292],[-1.997455,4.75937],[-1.997342,4.759351],[-1.996656,4.759371],[-1.99654,4.75941],[-1.995853,4.759411],[-1.995738,4.759372],[-1.995625,4.759411],[-1.99551,4.759373],[-1.995394,4.759411],[-1.995282,4.759373],[-1.995166,4.759412],[-1.995051,4.759373],[-1.994595,4.759393],[-1.993449,4.759356],[-1.99299,4.759318],[-1.992762,4.759357],[-1.992646,4.759338],[-1.992418,4.759358],[-1.992075,4.759339],[-1.99194,4.759358],[-1.991731,4.759282],[-1.991616,4.75934],[-1.991272,4.759263],[-1.99116,4.759302],[-1.991025,4.759283],[-1.99091,4.759302],[-1.990682,4.759283],[-1.990358,4.759303],[-1.990014,4.759226],[-1.989899,4.759246],[-1.98967,4.759172],[-1.989536,4.759172],[-1.989308,4.759114],[-1.989212,4.759153],[-1.98908,4.759095],[-1.988849,4.759096],[-1.988755,4.759038],[-1.98864,4.759077],[-1.988524,4.759038],[-1.988412,4.759058],[-1.9882,4.758961],[-1.988068,4.759],[-1.987953,4.758923],[-1.987038,4.758924],[-1.986845,4.758848],[-1.986694,4.758831],[-1.986482,4.758735],[-1.986293,4.758735],[-1.986007,4.758543],[-1.985833,4.758372],[-1.985776,4.758276],[-1.985775,4.75816],[-1.985663,4.758066],[-1.985547,4.757835],[-1.985527,4.757722],[-1.985357,4.757397],[-1.985392,4.757281],[-1.984982,4.756871],[-1.984631,4.757186],[-1.984546,4.757205],[-1.984119,4.7569],[-1.983982,4.7569],[-1.983905,4.756861],[-1.983713,4.756823],[-1.983703,4.756662],[-1.983638,4.756594],[-1.98358,4.756346],[-1.983369,4.756369],[-1.983369,4.756749],[-1.983408,4.756862],[-1.983312,4.757094],[-1.983036,4.757284],[-1.981663,4.75718],[-1.981475,4.756526],[-1.980163,4.755766],[-1.980433,4.757718],[-1.979119,4.758841],[-1.978965,4.758878],[-1.978737,4.758994],[-1.978621,4.758994],[-1.978413,4.759072],[-1.978297,4.759053],[-1.978182,4.759091],[-1.978068,4.759043],[-1.976317,4.757703],[-1.975836,4.75851],[-1.975741,4.758692],[-1.975511,4.758809],[-1.975206,4.758828],[-1.97509,4.758864],[-1.974978,4.758829],[-1.974862,4.758865],[-1.974615,4.75881],[-1.974251,4.758839],[-1.97406,4.758924],[-1.973967,4.759001],[-1.973528,4.759575],[-1.973432,4.759826],[-1.973394,4.760284],[-1.973795,4.760283],[-1.973872,4.76036],[-1.973911,4.760476],[-1.973911,4.760589],[-1.973834,4.760705],[-1.973453,4.761088],[-1.97334,4.761127],[-1.973321,4.761204],[-1.973168,4.761433],[-1.973036,4.761458],[-1.972902,4.761643],[-1.972786,4.761894],[-1.973111,4.762123],[-1.973111,4.762351],[-1.973035,4.762467],[-1.973073,4.762583],[-1.973131,4.762657],[-1.973304,4.762831],[-1.973532,4.762831],[-1.973648,4.762869],[-1.973818,4.762984],[-1.973876,4.763078],[-1.973876,4.76318],[-1.973418,4.763258],[-1.973344,4.76331],[-1.973305,4.763462],[-1.973305,4.763578],[-1.973267,4.763655],[-1.973344,4.763691],[-1.97338,4.763768],[-1.97338,4.763884],[-1.973268,4.763961],[-1.973152,4.763903],[-1.973017,4.763749],[-1.97289,4.763443],[-1.972459,4.76327],[-1.972314,4.763656],[-1.972314,4.763827],[-1.972471,4.764064],[-1.972257,4.764613],[-1.972152,4.764977],[-1.972085,4.76511],[-1.971972,4.76511],[-1.971895,4.765187],[-1.971857,4.765303],[-1.971838,4.765474],[-1.971989,4.765628],[-1.972086,4.765647],[-1.972278,4.765531],[-1.97239,4.765569],[-1.972487,4.765647],[-1.972535,4.765761],[-1.972968,4.767713],[-1.972795,4.768287],[-1.972699,4.768364],[-1.972719,4.768441],[-1.972511,4.768899],[-1.972357,4.768977],[-1.972283,4.769093],[-1.972217,4.769288],[-1.971956,4.769465],[-1.971902,4.769628],[-1.971784,4.769747],[-1.971394,4.770139],[-1.970568,4.77079],[-1.970376,4.770857],[-1.970299,4.770931],[-1.969955,4.771048],[-1.969843,4.771048],[-1.969785,4.771125],[-1.969576,4.771145],[-1.96887,4.771394],[-1.968621,4.771548],[-1.968374,4.771758],[-1.968017,4.772216],[-1.967896,4.772277],[-1.967861,4.772352],[-1.967611,4.772487],[-1.967592,4.772584],[-1.966355,4.773303],[-1.965972,4.773542],[-1.965839,4.773581],[-1.965763,4.773694],[-1.965648,4.773694],[-1.965571,4.773772],[-1.965439,4.773791],[-1.965228,4.773927],[-1.965115,4.773927],[-1.965,4.774004],[-1.964884,4.77404],[-1.964772,4.77404],[-1.964656,4.774118],[-1.964428,4.774137],[-1.964198,4.774215],[-1.963854,4.774273],[-1.963741,4.774235],[-1.963665,4.774273],[-1.963321,4.774274],[-1.963148,4.774313],[-1.96294,4.774523],[-1.962901,4.774658],[-1.962902,4.775115],[-1.962883,4.77525],[-1.962902,4.775421],[-1.962864,4.775537],[-1.962826,4.775882],[-1.962817,4.775969],[-1.962827,4.776342],[-1.962387,4.776629],[-1.96197,4.777052],[-1.961797,4.77711],[-1.96174,4.777184],[-1.961512,4.7773],[-1.961396,4.777397],[-1.961149,4.777475],[-1.961072,4.77753],[-1.960864,4.777704],[-1.960806,4.7778],[-1.960655,4.777875],[-1.960521,4.777991],[-1.960329,4.778201],[-1.960043,4.778452],[-1.959931,4.778414],[-1.959815,4.77851],[-1.959549,4.778566],[-1.959206,4.778721],[-1.958975,4.778911],[-1.958879,4.779057],[-1.958264,4.779563],[-1.958215,4.77964],[-1.9581,4.779985],[-1.957985,4.780101],[-1.957985,4.780216],[-1.957947,4.780329],[-1.957947,4.780445],[-1.957985,4.780597],[-1.958082,4.780693],[-1.95825,4.780944],[-1.957948,4.781096],[-1.957854,4.781077],[-1.957604,4.781251],[-1.957338,4.78148],[-1.957033,4.781632],[-1.956956,4.781748],[-1.956825,4.781787],[-1.956709,4.781874],[-1.956047,4.782984],[-1.955957,4.782994],[-1.95587,4.783108],[-1.955662,4.783302],[-1.955566,4.783464],[-1.955451,4.783994],[-1.955358,4.784085],[-1.955319,4.784201],[-1.955204,4.784201],[-1.95513,4.784278],[-1.954556,4.78426],[-1.954451,4.784231],[-1.953164,4.783941],[-1.951277,4.786245],[-1.949942,4.786562],[-1.949904,4.78681],[-1.949943,4.786926],[-1.949828,4.787232],[-1.949712,4.787233],[-1.949638,4.78731],[-1.949523,4.787271],[-1.949427,4.787291],[-1.949198,4.787175],[-1.949093,4.787175],[-1.948893,4.787082],[-1.948797,4.787195],[-1.948531,4.787196],[-1.948416,4.787311],[-1.948053,4.787428],[-1.947616,4.787676],[-1.947386,4.787963],[-1.947043,4.788521],[-1.946986,4.78875],[-1.947044,4.788998],[-1.947044,4.789113],[-1.946967,4.789227],[-1.946855,4.789555],[-1.946932,4.789822],[-1.947122,4.790186],[-1.947227,4.79029],[-1.948939,4.791246],[-1.949031,4.791255],[-1.948593,4.793018],[-1.946626,4.79377],[-1.94646,4.793726],[-1.946267,4.793613],[-1.946135,4.793401],[-1.946173,4.793327],[-1.946077,4.793211],[-1.946019,4.793095],[-1.945606,4.792699],[-1.945556,4.792366],[-1.945556,4.792247],[-1.945461,4.792224],[-1.945367,4.7922],[-1.945155,4.792154],[-1.944894,4.792154],[-1.944416,4.79264],[-1.944263,4.79304],[-1.944166,4.793436],[-1.94419,4.793558],[-1.943863,4.793807],[-1.9438,4.793953],[-1.943374,4.79421],[-1.943273,4.79421],[-1.943196,4.794288],[-1.942968,4.794288],[-1.942644,4.794365],[-1.942435,4.794537],[-1.942205,4.794978],[-1.942073,4.795007],[-1.941938,4.795036],[-1.941823,4.795036],[-1.941595,4.794979],[-1.941498,4.794921],[-1.941251,4.794941],[-1.940889,4.795057],[-1.94068,4.795057],[-1.940564,4.795093],[-1.940487,4.795058],[-1.940375,4.795094],[-1.940202,4.795077],[-1.939955,4.795268],[-1.939974,4.795384],[-1.939955,4.795498],[-1.939936,4.795612],[-1.939955,4.795767],[-1.939717,4.796365],[-1.939426,4.796867],[-1.93944,4.796953],[-1.939396,4.797085],[-1.939386,4.79724],[-1.939433,4.797383],[-1.939079,4.797739],[-1.939043,4.797852],[-1.938966,4.797929],[-1.938755,4.798486],[-1.938717,4.798831],[-1.938624,4.79906],[-1.938548,4.799424],[-1.938529,4.799749],[-1.938395,4.800361],[-1.938511,4.800574],[-1.938511,4.800725],[-1.93855,4.800802],[-1.93855,4.801031],[-1.938487,4.801414],[-1.938435,4.801492],[-1.938474,4.801607],[-1.938436,4.80172],[-1.938361,4.801836],[-1.938266,4.802162],[-1.938408,4.802458],[-1.938552,4.80262],[-1.938668,4.802792],[-1.938803,4.803175],[-1.938804,4.803818],[-1.938488,4.804798],[-1.938103,4.805434],[-1.937941,4.805489],[-1.937839,4.805796],[-1.937642,4.805895],[-1.937603,4.806011],[-1.937241,4.806317],[-1.937106,4.806395],[-1.936687,4.806814],[-1.936343,4.807046],[-1.93625,4.80716],[-1.935967,4.807288],[-1.935811,4.80743],[-1.935695,4.807488],[-1.935583,4.807582],[-1.935468,4.807621],[-1.935429,4.807698],[-1.935295,4.807756],[-1.935067,4.807947],[-1.934743,4.808311],[-1.93089,4.810345],[-1.930547,4.8105],[-1.930473,4.810577],[-1.930223,4.810649],[-1.929937,4.810807],[-1.929633,4.810923],[-1.929395,4.811017],[-1.929251,4.811075],[-1.929135,4.811075],[-1.928679,4.81123],[-1.928564,4.811231],[-1.928221,4.811325],[-1.927495,4.811596],[-1.927267,4.811651],[-1.926963,4.811845],[-1.926847,4.811826],[-1.92661,4.811894],[-1.926218,4.812075],[-1.926045,4.812075],[-1.925933,4.812152],[-1.925647,4.81223],[-1.925454,4.812191],[-1.925358,4.812269],[-1.925265,4.81225],[-1.925169,4.812269],[-1.925092,4.812344],[-1.924815,4.81244],[-1.92395,4.812941],[-1.923853,4.812902],[-1.923661,4.81296],[-1.923471,4.812903],[-1.923414,4.812961],[-1.923298,4.812961],[-1.923186,4.812922],[-1.923109,4.813],[-1.922955,4.812961],[-1.922842,4.813036],[-1.92265,4.813036],[-1.922362,4.813183],[-1.922268,4.813152],[-1.921963,4.81323],[-1.921697,4.813288],[-1.921469,4.81344],[-1.921373,4.813421],[-1.921238,4.813498],[-1.920744,4.813601],[-1.920667,4.813576],[-1.920362,4.813615],[-1.920246,4.813577],[-1.920133,4.8135],[-1.919762,4.813376],[-1.919617,4.813443],[-1.919408,4.813655],[-1.919103,4.813807],[-1.919026,4.81373],[-1.918911,4.813694],[-1.918834,4.813579],[-1.918702,4.81356],[-1.918471,4.813386],[-1.918377,4.813351],[-1.918242,4.813216],[-1.91809,4.813177],[-1.917937,4.813139],[-1.917785,4.813178],[-1.917097,4.813551],[-1.917004,4.813697],[-1.916888,4.813772],[-1.916661,4.814003],[-1.916699,4.814116],[-1.916661,4.814194],[-1.916594,4.814596],[-1.916508,4.814844],[-1.91645,4.814902],[-1.916164,4.814883],[-1.916087,4.814922],[-1.916013,4.814884],[-1.915859,4.814922],[-1.915655,4.815025],[-1.915634,4.816836],[-1.91548,4.817164],[-1.915461,4.817277],[-1.915519,4.817374],[-1.915442,4.817489],[-1.915404,4.817603],[-1.915311,4.817661],[-1.915157,4.81789],[-1.914987,4.818025],[-1.915006,4.818121],[-1.914891,4.81837],[-1.914682,4.818447],[-1.914567,4.818409],[-1.914468,4.818442],[-1.914262,4.818754],[-1.914197,4.819148],[-1.914131,4.819542],[-1.914264,4.819672],[-1.914302,4.819787],[-1.914415,4.819826],[-1.914627,4.819958],[-1.914759,4.819977],[-1.914874,4.820054],[-1.91499,4.820092],[-1.915105,4.820051],[-1.915503,4.819995],[-1.915751,4.820053],[-1.916114,4.820397],[-1.916287,4.820625],[-1.916519,4.821171],[-1.916536,4.821391],[-1.916478,4.821469],[-1.916517,4.821546],[-1.916517,4.821659],[-1.916476,4.821808],[-1.916308,4.822004],[-1.916328,4.822119],[-1.916117,4.822445],[-1.915927,4.822677],[-1.915908,4.82279],[-1.915851,4.822906],[-1.914548,4.824505],[-1.914317,4.824672],[-1.913496,4.825214],[-1.912546,4.825783],[-1.911519,4.826145],[-1.910851,4.826325],[-1.909851,4.826583],[-1.909313,4.826688],[-1.909082,4.826763],[-1.908739,4.826877],[-1.908623,4.826877],[-1.908546,4.826916],[-1.908395,4.826877],[-1.90828,4.826954],[-1.908167,4.826935],[-1.907708,4.827071],[-1.907461,4.827091],[-1.907365,4.827071],[-1.907249,4.827149],[-1.907137,4.827149],[-1.907021,4.827224],[-1.906906,4.827149],[-1.906793,4.827224],[-1.906678,4.827263],[-1.906562,4.827224],[-1.90645,4.827263],[-1.906334,4.827244],[-1.905895,4.827341],[-1.905667,4.827322],[-1.905571,4.82738],[-1.904801,4.827389],[-1.903306,4.827471],[-1.900416,4.827629],[-1.900006,4.827674],[-1.899597,4.827719],[-1.89825,4.827693],[-1.896964,4.827664],[-1.895609,4.827536],[-1.895494,4.827527],[-1.89515,4.827509],[-1.89498,4.827565],[-1.894694,4.827471],[-1.894578,4.827472],[-1.894501,4.827433],[-1.894389,4.827472],[-1.894273,4.827433],[-1.894196,4.827376],[-1.89393,4.827376],[-1.893814,4.827415],[-1.893605,4.827338],[-1.893471,4.827357],[-1.893396,4.82728],[-1.893243,4.827319],[-1.893204,4.827242],[-1.893108,4.827223],[-1.892899,4.827281],[-1.892784,4.827223],[-1.892594,4.827301],[-1.892297,4.827235],[-1.892212,4.82732],[-1.892097,4.82734],[-1.891984,4.82734],[-1.891602,4.827321],[-1.891487,4.82736],[-1.89141,4.827283],[-1.891297,4.827322],[-1.891181,4.827206],[-1.891104,4.82717],[-1.890915,4.827132],[-1.890838,4.827035],[-1.890664,4.826737],[-1.890491,4.826438],[-1.890304,4.826556],[-1.890189,4.826672],[-1.890189,4.826769],[-1.890131,4.826998],[-1.890074,4.827056],[-1.890055,4.827265],[-1.889869,4.827474],[-1.889812,4.827665],[-1.889789,4.827861],[-1.889808,4.828109],[-1.889886,4.828299],[-1.889999,4.828434],[-1.890037,4.828624],[-1.890114,4.828701],[-1.890114,4.828817],[-1.890057,4.829027],[-1.889964,4.829085],[-1.889925,4.829201],[-1.889964,4.829275],[-1.889915,4.829424],[-1.889486,4.82975],[-1.889333,4.829833],[-1.889113,4.830054],[-1.888934,4.83012],[-1.888819,4.83012],[-1.888684,4.830217],[-1.886216,4.830442],[-1.885082,4.832308],[-1.88512,4.832383],[-1.885082,4.832498],[-1.884758,4.833056],[-1.884852,4.833111],[-1.884929,4.833226],[-1.88493,4.833916],[-1.885178,4.834202],[-1.885389,4.834375],[-1.885409,4.834604],[-1.885275,4.834814],[-1.885104,4.834872],[-1.885047,4.834949],[-1.885047,4.835065],[-1.884874,4.835236],[-1.884704,4.835371],[-1.884492,4.835391],[-1.884511,4.835485],[-1.884399,4.835523],[-1.882807,4.836085],[-1.882646,4.836262],[-1.88262,4.836703],[-1.882035,4.8372],[-1.881332,4.837496],[-1.880689,4.837497],[-1.880134,4.837613],[-1.879694,4.837732],[-1.879238,4.837898],[-1.878906,4.83799],[-1.878441,4.838034],[-1.877999,4.838189],[-1.877604,4.838366],[-1.877439,4.838593],[-1.877206,4.838833],[-1.876873,4.838877],[-1.876409,4.839057],[-1.876321,4.839145],[-1.876211,4.839256],[-1.876033,4.839278],[-1.875813,4.839124],[-1.875414,4.839257],[-1.875283,4.839279],[-1.875063,4.83948],[-1.874665,4.839746],[-1.874464,4.839856],[-1.874531,4.840079],[-1.874553,4.8403],[-1.874267,4.84059],[-1.874257,4.840789],[-1.874246,4.840989],[-1.87429,4.841276],[-1.874137,4.841654],[-1.873848,4.841787],[-1.87345,4.841875],[-1.873186,4.842055],[-1.872876,4.842232],[-1.872723,4.842455],[-1.872503,4.842544],[-1.872418,4.842599],[-1.872341,4.84258],[-1.871978,4.842803],[-1.87158,4.843002],[-1.871182,4.843359],[-1.870319,4.843668],[-1.869383,4.843943],[-1.869278,4.843945],[-1.86846,4.844277],[-1.86782,4.844457],[-1.86718,4.844657],[-1.866405,4.844793],[-1.866111,4.844811],[-1.86243,4.845273],[-1.862839,4.845757],[-1.862441,4.846038],[-1.862344,4.846038],[-1.862097,4.846251],[-1.861867,4.846384],[-1.861543,4.8465],[-1.861416,4.846456],[-1.86118,4.846616],[-1.86101,4.846616],[-1.860817,4.846691],[-1.860724,4.846787],[-1.860493,4.846865],[-1.860419,4.846942],[-1.859787,4.847153],[-1.859675,4.84723],[-1.859559,4.84723],[-1.859444,4.847192],[-1.85937,4.847269],[-1.859235,4.84723],[-1.858969,4.847344],[-1.858729,4.847299],[-1.858567,4.847308],[-1.85849,4.84727],[-1.858378,4.84727],[-1.858262,4.847232],[-1.858147,4.847155],[-1.857996,4.847193],[-1.85788,4.847155],[-1.857803,4.847078],[-1.857652,4.847078],[-1.857575,4.84704],[-1.857421,4.847078],[-1.857292,4.847012],[-1.857028,4.847189],[-1.856902,4.847126],[-1.85661,4.847223],[-1.856085,4.847119],[-1.856047,4.847042],[-1.855934,4.84708],[-1.855722,4.846987],[-1.855552,4.847042],[-1.855417,4.846939],[-1.854997,4.846911],[-1.854826,4.84693],[-1.85475,4.846969],[-1.854598,4.846892],[-1.854464,4.846873],[-1.854387,4.84695],[-1.854236,4.846892],[-1.853911,4.846912],[-1.853719,4.84697],[-1.853681,4.847045],[-1.853334,4.847231],[-1.853243,4.847296],[-1.853148,4.847335],[-1.852903,4.847442],[-1.852269,4.847584],[-1.852195,4.847623],[-1.852079,4.847584],[-1.851634,4.847706],[-1.851488,4.847632],[-1.851334,4.847698],[-1.851126,4.847682],[-1.851049,4.847737],[-1.850933,4.847699],[-1.850397,4.847807],[-1.844225,4.848673],[-1.843797,4.848667],[-1.843588,4.848648],[-1.843531,4.848706],[-1.843415,4.848706],[-1.843072,4.848819],[-1.842956,4.848781],[-1.842882,4.84882],[-1.842748,4.8488],[-1.842539,4.84882],[-1.842346,4.848762],[-1.842157,4.84882],[-1.842041,4.848821],[-1.841964,4.848744],[-1.84189,4.848821],[-1.841659,4.848744],[-1.841547,4.848744],[-1.841412,4.848689],[-1.840711,4.848751],[-1.840159,4.848817],[-1.839629,4.848906],[-1.839186,4.848797],[-1.8389,4.848709],[-1.838567,4.848618],[-1.838081,4.848641],[-1.837708,4.848909],[-1.836947,4.849574],[-1.8367,4.849652],[-1.836508,4.8499],[-1.836052,4.850055],[-1.835956,4.850016],[-1.835744,4.850113],[-1.835497,4.85013],[-1.834829,4.850401],[-1.834714,4.850533],[-1.834658,4.850659],[-1.834602,4.850784],[-1.83464,4.850897],[-1.834563,4.851013],[-1.834602,4.851165],[-1.834715,4.851396],[-1.83483,4.851357],[-1.834927,4.851415],[-1.835155,4.851624],[-1.83527,4.851644],[-1.835633,4.851778],[-1.835842,4.851797],[-1.836071,4.852007],[-1.836148,4.852026],[-1.836442,4.85232],[-1.836398,4.852505],[-1.836473,4.85256],[-1.836511,4.852772],[-1.836492,4.852885],[-1.836521,4.853116],[-1.836512,4.853423],[-1.836474,4.8535],[-1.836474,4.853613],[-1.836342,4.853977],[-1.836304,4.854093],[-1.836189,4.854322],[-1.836074,4.854477],[-1.835961,4.854744],[-1.835865,4.854859],[-1.835769,4.854973],[-1.83575,4.855089],[-1.835599,4.855318],[-1.835388,4.85555],[-1.835333,4.855644],[-1.835179,4.855779],[-1.83518,4.855914],[-1.835028,4.855953],[-1.83499,4.856066],[-1.834875,4.856143],[-1.834721,4.856201],[-1.834512,4.856372],[-1.834227,4.856489],[-1.833979,4.856431],[-1.833845,4.856508],[-1.833658,4.858576],[-1.833658,4.858711],[-1.833315,4.859056],[-1.833238,4.859169],[-1.833122,4.859169],[-1.833007,4.859285],[-1.832894,4.859285],[-1.832817,4.859363],[-1.832683,4.859363],[-1.832455,4.859496],[-1.832359,4.859631],[-1.832246,4.859708],[-1.832246,4.859821],[-1.83175,4.860321],[-1.831472,4.860496],[-1.831195,4.860671],[-1.830662,4.861298],[-1.830569,4.861527],[-1.830226,4.861968],[-1.830015,4.862104],[-1.829919,4.862197],[-1.829595,4.862333],[-1.829405,4.862526],[-1.829309,4.862581],[-1.829196,4.862582],[-1.829158,4.862659],[-1.82868,4.862872],[-1.828584,4.862852],[-1.828471,4.862927],[-1.828221,4.862966],[-1.828109,4.863024],[-1.827991,4.863032],[-1.827878,4.863121],[-1.82765,4.86314],[-1.827625,4.863245],[-1.8272,4.863505],[-1.827098,4.863505],[-1.826944,4.863579],[-1.826867,4.863657],[-1.82643,4.86385],[-1.8262,4.863983],[-1.826049,4.864022],[-1.825818,4.864157],[-1.825686,4.864157],[-1.825571,4.86427],[-1.824807,4.864654],[-1.824656,4.864655],[-1.82412,4.864848],[-1.823988,4.864791],[-1.823777,4.864887],[-1.823664,4.864887],[-1.823549,4.864962],[-1.823321,4.864962],[-1.82276,4.865117],[-1.822591,4.865137],[-1.822422,4.865156],[-1.822214,4.865253],[-1.822098,4.865234],[-1.821985,4.865309],[-1.821527,4.865386],[-1.820955,4.86558],[-1.82082,4.865541],[-1.820612,4.865619],[-1.820249,4.865655],[-1.820037,4.865733],[-1.819694,4.865772],[-1.819466,4.865849],[-1.819238,4.865849],[-1.819122,4.865888],[-1.818968,4.86585],[-1.81893,4.865927],[-1.81876,4.865889],[-1.818551,4.865947],[-1.818301,4.865889],[-1.818207,4.865928],[-1.81788,4.865851],[-1.817633,4.865851],[-1.81752,4.86589],[-1.817366,4.86589],[-1.817289,4.865968],[-1.817177,4.866004],[-1.816699,4.866062],[-1.81647,4.866004],[-1.816259,4.866082],[-1.816146,4.866043],[-1.816031,4.866121],[-1.815915,4.866082],[-1.815784,4.866179],[-1.815514,4.866256],[-1.815421,4.86635],[-1.815344,4.866389],[-1.81519,4.866389],[-1.815078,4.866505],[-1.814885,4.866505],[-1.814657,4.866583],[-1.814542,4.866564],[-1.814429,4.866583],[-1.814314,4.86666],[-1.814198,4.866622],[-1.814086,4.866661],[-1.81397,4.866622],[-1.813855,4.866697],[-1.813742,4.86668],[-1.813435,4.866774],[-1.812979,4.867007],[-1.812979,4.867139],[-1.813255,4.867369],[-1.813609,4.867656],[-1.813686,4.86775],[-1.813744,4.867962],[-1.813818,4.868039],[-1.813818,4.868152],[-1.81378,4.86823],[-1.81378,4.868632],[-1.813668,4.868803],[-1.813668,4.868919],[-1.813495,4.869473],[-1.813515,4.869608],[-1.813477,4.869724],[-1.813477,4.869953],[-1.813477,4.870182],[-1.813439,4.870298],[-1.813439,4.870413],[-1.813167,4.870786],[-1.812868,4.87091],[-1.812409,4.871231],[-1.812143,4.871359],[-1.811876,4.871488],[-1.811761,4.871488],[-1.811687,4.871562],[-1.811456,4.871563],[-1.811093,4.871679],[-1.810787,4.871891],[-1.810146,4.872388],[-1.810083,4.872485],[-1.80997,4.872524],[-1.809855,4.872524],[-1.809778,4.872598],[-1.8093,4.872753],[-1.809072,4.872889],[-1.808844,4.872944],[-1.808748,4.873021],[-1.808632,4.87306],[-1.808404,4.87306],[-1.808289,4.873022],[-1.808061,4.87308],[-1.807926,4.873157],[-1.807718,4.873367],[-1.80749,4.873445],[-1.807374,4.873445],[-1.807297,4.873522],[-1.807206,4.873512],[-1.806498,4.873617],[-1.806267,4.873694],[-1.806154,4.873675],[-1.806039,4.873752],[-1.805923,4.873675],[-1.805849,4.873753],[-1.805143,4.873792],[-1.805008,4.873773],[-1.804893,4.873792],[-1.80478,4.873754],[-1.804665,4.873831],[-1.804549,4.873793],[-1.804437,4.873831],[-1.804321,4.873793],[-1.804206,4.873832],[-1.804093,4.873793],[-1.803978,4.873832],[-1.803862,4.873794],[-1.803788,4.873832],[-1.803653,4.873813],[-1.803425,4.873833],[-1.803082,4.873814],[-1.802985,4.873833],[-1.802832,4.873795],[-1.802757,4.873833],[-1.802603,4.873795],[-1.802527,4.873834],[-1.802375,4.873757],[-1.80226,4.873795],[-1.802144,4.873757],[-1.802032,4.873757],[-1.801955,4.873719],[-1.801839,4.873757],[-1.801611,4.87368],[-1.801383,4.873681],[-1.801268,4.873642],[-1.801152,4.873681],[-1.800712,4.873588],[-1.800044,4.873569],[-1.799451,4.873468],[-1.799357,4.873377],[-1.799244,4.873416],[-1.799129,4.873339],[-1.798994,4.873339],[-1.798766,4.873246],[-1.798326,4.873111],[-1.798213,4.873034],[-1.798098,4.873034],[-1.79762,4.872864],[-1.797391,4.872825],[-1.797162,4.87272],[-1.796932,4.872614],[-1.796589,4.87252],[-1.79636,4.872386],[-1.796264,4.872386],[-1.796132,4.872289],[-1.795901,4.872251],[-1.795673,4.872158],[-1.795557,4.872042],[-1.795329,4.871984],[-1.795197,4.871902],[-1.79468,4.871756],[-1.794433,4.871757],[-1.794356,4.871814],[-1.794202,4.871795],[-1.793974,4.871889],[-1.793859,4.87189],[-1.793785,4.871928],[-1.793631,4.87189],[-1.793554,4.871928],[-1.793441,4.871929],[-1.793251,4.871956],[-1.792716,4.872045],[-1.792485,4.872026],[-1.792029,4.872162],[-1.791836,4.872162],[-1.791704,4.872219],[-1.79155,4.872256],[-1.791454,4.872314],[-1.791322,4.872314],[-1.791111,4.872392],[-1.790979,4.872392],[-1.790767,4.872508],[-1.790539,4.872527],[-1.790081,4.872699],[-1.789833,4.872757],[-1.789718,4.872815],[-1.78949,4.872854],[-1.789394,4.872929],[-1.789262,4.872929],[-1.789015,4.873083],[-1.788784,4.873122],[-1.788707,4.873238],[-1.788594,4.873274],[-1.788441,4.873274],[-1.788116,4.873487],[-1.787946,4.873526],[-1.787754,4.873678],[-1.787487,4.873794],[-1.786955,4.874158],[-1.786839,4.874158],[-1.786724,4.874236],[-1.786496,4.87433],[-1.78638,4.874349],[-1.786304,4.874426],[-1.786056,4.874485],[-1.785732,4.87462],[-1.785617,4.874582],[-1.785504,4.874656],[-1.785273,4.874676],[-1.785161,4.874734],[-1.785045,4.874695],[-1.78493,4.874773],[-1.784817,4.874811],[-1.784702,4.874811],[-1.784474,4.874889],[-1.783899,4.874967],[-1.783787,4.874928],[-1.78371,4.874967],[-1.783594,4.874928],[-1.783482,4.874967],[-1.783328,4.874929],[-1.783212,4.874967],[-1.7831,4.874929],[-1.782984,4.875004],[-1.782869,4.875004],[-1.782525,4.87512],[-1.782413,4.87512],[-1.782182,4.875198],[-1.782069,4.875159],[-1.781954,4.875236],[-1.781819,4.875198],[-1.78161,4.875275],[-1.781495,4.875275],[-1.781382,4.875314],[-1.780808,4.875409],[-1.780121,4.87539],[-1.779893,4.87541],[-1.779816,4.875468],[-1.779645,4.875429],[-1.779434,4.875526],[-1.779262,4.875517],[-1.77909,4.875507],[-1.778862,4.875565],[-1.778612,4.87569],[-1.778096,4.875723],[-1.776813,4.875858],[-1.776101,4.875777],[-1.775199,4.87576],[-1.774968,4.875686],[-1.774894,4.875741],[-1.77474,4.875702],[-1.774663,4.875741],[-1.774512,4.875667],[-1.774396,4.875703],[-1.774319,4.875667],[-1.773957,4.87559],[-1.773844,4.875532],[-1.773404,4.875475],[-1.773288,4.875398],[-1.773176,4.875398],[-1.77306,4.87536],[-1.772926,4.875266],[-1.772697,4.875208],[-1.772601,4.875131],[-1.771914,4.874903],[-1.76739,4.874923]]}},{"type":"Feature","properties":{"district_id":"GH-WES-SEKON","district_name":"Sekondi Takoradi","region":"Western"},"geometry":{"type":"LineString","coordinates":[[-1.76739,4.874923],[-1.767276,4.874918],[-1.767172,4.874901],[-1.766876,4.8751],[-1.766768,4.875053],[-1.766657,4.875168],[-1.766253,4.875445],[-1.765668,4.875865],[-1.765336,4.876236],[-1.765252,4.876361],[-1.765137,4.876439],[-1.764989,4.876446],[-1.764767,4.876541],[-1.764676,4.876521],[-1.764559,4.876598],[-1.764451,4.876558],[-1.764326,4.876636],[-1.764212,4.876602],[-1.764104,4.876633],[-1.763704,4.876621],[-1.763526,4.876677],[-1.763418,4.876603],[-1.763302,4.876598],[-1.763256,4.876525],[-1.763176,4.8765],[-1.763087,4.876522],[-1.762861,4.876414],[-1.762446,4.876185],[-1.762125,4.876187],[-1.761967,4.876218],[-1.761859,4.876181],[-1.761738,4.876219],[-1.76149,4.87612],[-1.761291,4.876141],[-1.761202,4.876106],[-1.761027,4.876136],[-1.760817,4.876106],[-1.760741,4.876177],[-1.760405,4.876204],[-1.760184,4.87618],[-1.760058,4.87622],[-1.759939,4.876164],[-1.759792,4.876155],[-1.75953,4.87614],[-1.759272,4.876108],[-1.759074,4.876253],[-1.758932,4.876314],[-1.758645,4.876545],[-1.758346,4.876604],[-1.758223,4.876682],[-1.758114,4.87668],[-1.757995,4.876719],[-1.757881,4.876931],[-1.757916,4.877004],[-1.757888,4.877304],[-1.757641,4.877485],[-1.75709,4.877672],[-1.756677,4.877896],[-1.756492,4.877949],[-1.756343,4.878061],[-1.756163,4.878093],[-1.756057,4.878157],[-1.755826,4.878238],[-1.755628,4.878237],[-1.755496,4.878285],[-1.7553,4.878221],[-1.755151,4.878216],[-1.755061,4.878185],[-1.754913,4.878217],[-1.754791,4.878142],[-1.754654,4.878163],[-1.754457,4.878121],[-1.75434,4.87818],[-1.754229,4.878138],[-1.753763,4.878138],[-1.753546,4.878207],[-1.753456,4.878255],[-1.753265,4.878383],[-1.752926,4.878485],[-1.752852,4.878416],[-1.752709,4.878474],[-1.752248,4.878597],[-1.752147,4.878682],[-1.752036,4.878688],[-1.751919,4.878724],[-1.751808,4.87864],[-1.751723,4.878714],[-1.751591,4.878693],[-1.751477,4.878716],[-1.750738,4.878997],[-1.750674,4.87895],[-1.750476,4.879061],[-1.750179,4.879111],[-1.749816,4.879264],[-1.749663,4.879307],[-1.749435,4.879344],[-1.749154,4.87944],[-1.748805,4.879616],[-1.748495,4.879809],[-1.747678,4.880236],[-1.747049,4.880664],[-1.746334,4.88087],[-1.739985,4.880979],[-1.736529,4.881034],[-1.735848,4.88112],[-1.735031,4.881531],[-1.734657,4.882009],[-1.733097,4.887236],[-1.733149,4.888158],[-1.736246,4.886703],[-1.742154,4.887516],[-1.742529,4.887789],[-1.742733,4.888062],[-1.743266,4.888401],[-1.743483,4.888574],[-1.743772,4.888881],[-1.743909,4.889222],[-1.74413,4.889516],[-1.744097,4.889649],[-1.744114,4.889922],[-1.744285,4.890383],[-1.744302,4.890724],[-1.744439,4.891048],[-1.744524,4.89139],[-1.744712,4.891765],[-1.744956,4.892124],[-1.744951,4.892294],[-1.745122,4.892704],[-1.745411,4.893199],[-1.745599,4.893489],[-1.745684,4.893642],[-1.74594,4.893779],[-1.746178,4.893881],[-1.746536,4.893863],[-1.746961,4.89376],[-1.747367,4.893751],[-1.747489,4.893794],[-1.747932,4.894135],[-1.748359,4.894988],[-1.748155,4.895467],[-1.748172,4.895774],[-1.747968,4.896303],[-1.747782,4.896918],[-1.747765,4.897294],[-1.747647,4.897755],[-1.747562,4.898131],[-1.747392,4.898456],[-1.747172,4.899378],[-1.746985,4.899771],[-1.746713,4.900471],[-1.746594,4.900744],[-1.746544,4.900984],[-1.746374,4.901206],[-1.746408,4.901411],[-1.746119,4.901991],[-1.745592,4.90276],[-1.745308,4.902767],[-1.745116,4.902932],[-1.744929,4.903222],[-1.744589,4.903684],[-1.744078,4.903838],[-1.743738,4.903565],[-1.743517,4.903787],[-1.743806,4.90418],[-1.743926,4.904589],[-1.74379,4.904709],[-1.743722,4.904931],[-1.743719,4.9051],[-1.743467,4.905324],[-1.743198,4.90543],[-1.743044,4.905566],[-1.742855,4.905735],[-1.742668,4.906059],[-1.742634,4.906435],[-1.742771,4.906571],[-1.742329,4.907801],[-1.742313,4.908553],[-1.742348,4.908894],[-1.74274,4.909303],[-1.743148,4.909593],[-1.743387,4.910122],[-1.743609,4.910737],[-1.743576,4.911147],[-1.743729,4.911283],[-1.743713,4.912137],[-1.743544,4.913161],[-1.74345,4.913593],[-1.743325,4.913741],[-1.742932,4.914204],[-1.742477,4.914634],[-1.742116,4.915058],[-1.742015,4.915741],[-1.741958,4.916294],[-1.741794,4.916493],[-1.741306,4.916854],[-1.74108,4.917126],[-1.740769,4.917287],[-1.740519,4.917587],[-1.740113,4.917807],[-1.739923,4.918032],[-1.739379,4.918306],[-1.739038,4.918443],[-1.738885,4.918733],[-1.739158,4.918835],[-1.739175,4.919108],[-1.73905,4.919405],[-1.738784,4.919723],[-1.738529,4.920014],[-1.738189,4.920356],[-1.737992,4.920701],[-1.737781,4.920954],[-1.737645,4.921074],[-1.737714,4.921432],[-1.737254,4.921518],[-1.736308,4.922267],[-1.736149,4.922544],[-1.735945,4.922817],[-1.735741,4.923091],[-1.73552,4.92321],[-1.735298,4.923364],[-1.734975,4.923552],[-1.734737,4.923519],[-1.734482,4.923707],[-1.734317,4.923711],[-1.734158,4.923878],[-1.733954,4.923844],[-1.733699,4.923981],[-1.733444,4.924015],[-1.733273,4.924118],[-1.73261,4.924306],[-1.732508,4.924477],[-1.732082,4.924648],[-1.731436,4.924905],[-1.730989,4.925128],[-1.730823,4.925247],[-1.730559,4.925277],[-1.730381,4.925402],[-1.730163,4.925391],[-1.72987,4.925231],[-1.729596,4.925261],[-1.729373,4.925396],[-1.729285,4.925578],[-1.728791,4.925748],[-1.728408,4.92598],[-1.728135,4.926265],[-1.727744,4.926674],[-1.727123,4.927128],[-1.726707,4.927395],[-1.724394,4.928252],[-1.723171,4.928787],[-1.721442,4.929375],[-1.720538,4.92975],[-1.719661,4.930124],[-1.719108,4.93035],[-1.71873,4.930552],[-1.717746,4.930767],[-1.71538,4.931623],[-1.712641,4.93248],[-1.711949,4.932534],[-1.710168,4.933256],[-1.708759,4.933751],[-1.708146,4.933605],[-1.707516,4.933321],[-1.707038,4.933293],[-1.706311,4.933687],[-1.706178,4.933661],[-1.706255,4.934162],[-1.706855,4.938623],[-1.707178,4.938367],[-1.707594,4.938219],[-1.708255,4.938489],[-1.708549,4.938709],[-1.708598,4.938955],[-1.708917,4.939224],[-1.708893,4.939985],[-1.708846,4.940538],[-1.708675,4.941339],[-1.708456,4.941638],[-1.708331,4.942046],[-1.708382,4.942637],[-1.708285,4.943275],[-1.708041,4.944356],[-1.707797,4.944798],[-1.707284,4.945682],[-1.706795,4.946272],[-1.706575,4.946242],[-1.705841,4.946641],[-1.705645,4.946911],[-1.705082,4.946838],[-1.703907,4.946275],[-1.703343,4.945809],[-1.702903,4.945981],[-1.702487,4.94635],[-1.702488,4.946841],[-1.702585,4.946841],[-1.703001,4.946227],[-1.703931,4.946496],[-1.704128,4.946938],[-1.704434,4.947287],[-1.704752,4.947359],[-1.705156,4.947452],[-1.705254,4.947697],[-1.704888,4.948115],[-1.705304,4.94863],[-1.705231,4.949121],[-1.704938,4.949195],[-1.705049,4.94965],[-1.705306,4.949931],[-1.705453,4.950299],[-1.705821,4.950814],[-1.705308,4.95192],[-1.704823,4.952648],[-1.70455,4.953148],[-1.704334,4.95341],[-1.704061,4.953885],[-1.703496,4.954342],[-1.703328,4.954598],[-1.70279,4.955138],[-1.702081,4.955483],[-1.701885,4.955655],[-1.701567,4.955851],[-1.701298,4.955827],[-1.700931,4.956417],[-1.700148,4.956933],[-1.69961,4.957179],[-1.698882,4.957262],[-1.698362,4.957745],[-1.698069,4.957696],[-1.697849,4.957917],[-1.697213,4.958286],[-1.696552,4.958287],[-1.695279,4.958657],[-1.695084,4.958902],[-1.69479,4.959123],[-1.694185,4.959234],[-1.693364,4.959696],[-1.692809,4.960009],[-1.692227,4.959788],[-1.69205,4.959838],[-1.691952,4.960207],[-1.692001,4.960501],[-1.691732,4.960894],[-1.690681,4.961509],[-1.689507,4.96232],[-1.689213,4.962492],[-1.687353,4.963231],[-1.687007,4.963221],[-1.686706,4.963321],[-1.685934,4.963576],[-1.68564,4.963576],[-1.68542,4.963478],[-1.684441,4.963504],[-1.684123,4.963627],[-1.683952,4.963824],[-1.682949,4.96434],[-1.682557,4.96439],[-1.681651,4.964366],[-1.681333,4.964514],[-1.680819,4.964539],[-1.680575,4.964514],[-1.680332,4.964457],[-1.679987,4.964687],[-1.679767,4.964883],[-1.679424,4.964663],[-1.678935,4.964688],[-1.67869,4.964786],[-1.678372,4.964762],[-1.677541,4.964846],[-1.676634,4.964893],[-1.676267,4.964912],[-1.675949,4.964912],[-1.675533,4.965084],[-1.675092,4.965158],[-1.674676,4.965232],[-1.674115,4.965429]]}},{"type":"Feature","properties":{"district_id":"GH-WES-SHAMA","district_name":"Shama","region":"Western"},"geometry":{"type":"LineString","coordinates":[[-1.674115,4.965429],[-1.673312,4.965585],[-1.672625,4.965605],[-1.672127,4.965586],[-1.671764,4.96555],[-1.671294,4.965587],[-1.670808,4.965692],[-1.670269,4.965797],[-1.669489,4.965972],[-1.669099,4.966113],[-1.668403,4.966235],[-1.667744,4.966497],[-1.667398,4.966464],[-1.667101,4.966465],[-1.666807,4.966586],[-1.666425,4.966672],[-1.666111,4.966672],[-1.665625,4.966673],[-1.665243,4.966588],[-1.665138,4.966726],[-1.665034,4.966935],[-1.66474,4.966936],[-1.664495,4.96701],[-1.66438,4.967088],[-1.664152,4.967049],[-1.663885,4.96703],[-1.663693,4.967108],[-1.663426,4.967127],[-1.663236,4.967108],[-1.663003,4.967108],[-1.662758,4.967222],[-1.662473,4.967434],[-1.662319,4.967586],[-1.661901,4.967529],[-1.661269,4.967722],[-1.660813,4.9678],[-1.660354,4.967762],[-1.660126,4.967856],[-1.659914,4.967894],[-1.659763,4.967856],[-1.659381,4.967856],[-1.659076,4.967934],[-1.658655,4.968166],[-1.658312,4.968241],[-1.658084,4.968241],[-1.657803,4.968158],[-1.657509,4.968241],[-1.657281,4.968357],[-1.657144,4.968391],[-1.656671,4.968548],[-1.656028,4.968679],[-1.655385,4.968889],[-1.654725,4.969046],[-1.654049,4.969221],[-1.653464,4.969395],[-1.652947,4.969379],[-1.652471,4.96928],[-1.652197,4.969352],[-1.651784,4.96932],[-1.651479,4.969474],[-1.650963,4.969571],[-1.650831,4.969627],[-1.65022,4.969627],[-1.649877,4.969666],[-1.649533,4.969763],[-1.649341,4.969705],[-1.649132,4.96959],[-1.648997,4.969554],[-1.64875,4.969554],[-1.648445,4.969667],[-1.648272,4.969861],[-1.648233,4.970012],[-1.647681,4.970032],[-1.647511,4.97009],[-1.647318,4.970206],[-1.64717,4.970217],[-1.647052,4.970339],[-1.646747,4.970609],[-1.646365,4.97059],[-1.646137,4.970742],[-1.645983,4.970742],[-1.645716,4.970858],[-1.645485,4.970878],[-1.644952,4.970757],[-1.644763,4.970884],[-1.644493,4.970782],[-1.644342,4.970937],[-1.64415,4.971127],[-1.643922,4.971166],[-1.643424,4.971205],[-1.643191,4.971285],[-1.643846,4.972161],[-1.643637,4.97265],[-1.643822,4.972928],[-1.64377,4.973079],[-1.643863,4.973217],[-1.644042,4.973639],[-1.64406,4.973857],[-1.642247,4.976623],[-1.640999,4.977995],[-1.640817,4.978177],[-1.640721,4.978367],[-1.640512,4.978445],[-1.640303,4.978654],[-1.640226,4.97879],[-1.640034,4.978903],[-1.639652,4.979135],[-1.638888,4.979566],[-1.63835,4.979864],[-1.63788,4.98009],[-1.637449,4.980281],[-1.637188,4.980422],[-1.636665,4.980527],[-1.636388,4.980613],[-1.636094,4.980613],[-1.635885,4.98058],[-1.635624,4.980718],[-1.635486,4.980876],[-1.635157,4.980823],[-1.634931,4.980788],[-1.634755,4.980788],[-1.63467,4.980981],[-1.634615,4.981246],[-1.63472,4.981535],[-1.634627,4.981874],[-1.634726,4.982131],[-1.634658,4.982442],[-1.634633,4.982781],[-1.634554,4.983013],[-1.634367,4.983407],[-1.634368,4.983848],[-1.63453,4.983884],[-1.634692,4.98379],[-1.634785,4.983674],[-1.634959,4.983663],[-1.635019,4.983906],[-1.635116,4.984041],[-1.635305,4.983963],[-1.635498,4.984076],[-1.635534,4.984308],[-1.635534,4.984459],[-1.63546,4.984614],[-1.635383,4.984881],[-1.63521,4.985226],[-1.635117,4.985438],[-1.635536,4.986337],[-1.635651,4.986565],[-1.635613,4.98672],[-1.635231,4.987103],[-1.634984,4.987178],[-1.634869,4.987371],[-1.63447,4.9876],[-1.634278,4.987697],[-1.634011,4.987832],[-1.633819,4.987794],[-1.633591,4.987833],[-1.633266,4.987795],[-1.632942,4.987908],[-1.632885,4.98814],[-1.633,4.988349],[-1.63302,4.988663],[-1.632465,4.989364],[-1.632372,4.989593],[-1.632238,4.989786],[-1.63212,4.990012],[-1.631798,4.990437],[-1.631343,4.991107],[-1.631247,4.991336],[-1.631189,4.991568],[-1.63119,4.992257],[-1.631229,4.992486],[-1.631229,4.992831],[-1.631268,4.993059],[-1.631364,4.993175],[-1.631573,4.993329],[-1.631727,4.993539],[-1.63184,4.993635],[-1.632071,4.993712],[-1.632299,4.993844],[-1.632739,4.994246],[-1.632775,4.994475],[-1.632891,4.994571],[-1.633007,4.994781],[-1.633084,4.995012],[-1.633139,4.995241],[-1.633178,4.995528],[-1.633313,4.996448],[-1.633371,4.996658],[-1.633562,4.997405],[-1.633664,4.997697],[-1.633677,4.997846],[-1.633639,4.998094],[-1.633562,4.998245],[-1.633563,4.998535],[-1.633602,4.998896],[-1.633486,4.998973],[-1.633522,4.999188],[-1.63336,4.999481],[-1.633163,4.999837],[-1.632993,5.000333],[-1.632839,5.000545],[-1.632781,5.000716],[-1.63263,5.00089],[-1.632471,5.001235],[-1.632216,5.001503],[-1.63201,5.00185],[-1.631834,5.002269],[-1.631604,5.002548],[-1.631566,5.002884],[-1.631016,5.003544],[-1.630544,5.003881],[-1.63033,5.004278],[-1.630259,5.004857],[-1.630012,5.005356],[-1.630007,5.005998],[-1.629681,5.006569],[-1.629241,5.007011],[-1.629022,5.007615],[-1.628717,5.007769],[-1.628563,5.007731],[-1.628165,5.008159],[-1.62824,5.008881],[-1.627954,5.009245],[-1.627821,5.009587],[-1.627642,5.01227],[-1.627308,5.012251],[-1.627058,5.012499],[-1.627347,5.012785],[-1.627348,5.013304],[-1.626692,5.014702],[-1.626104,5.015342],[-1.624849,5.016383],[-1.623685,5.017884],[-1.6236,5.018055],[-1.622597,5.018687],[-1.622496,5.019553],[-1.622714,5.019991],[-1.622359,5.021],[-1.621283,5.021484],[-1.62007,5.021325],[-1.619414,5.021717],[-1.618611,5.021985],[-1.617677,5.022923],[-1.616748,5.023236],[-1.615979,5.023711],[-1.615023,5.024169],[-1.61382,5.025369],[-1.609871,5.02743],[-1.608206,5.027966],[-1.607755,5.027931],[-1.607582,5.028044],[-1.607354,5.028121],[-1.607049,5.028199],[-1.606551,5.028447],[-1.606189,5.028552],[-1.605826,5.028658],[-1.605213,5.029008],[-1.604218,5.029321],[-1.603613,5.029368],[-1.601475,5.029985],[-1.600807,5.030099],[-1.600483,5.030176],[-1.599719,5.030386],[-1.598498,5.030658],[-1.597314,5.03083],[-1.596082,5.031167],[-1.595959,5.031079],[-1.59548,5.031234],[-1.59487,5.031215],[-1.594106,5.031389],[-1.593874,5.031449],[-1.593737,5.031484],[-1.59244,5.031664],[-1.591129,5.031811],[-1.58857,5.032274],[-1.585403,5.032698],[-1.583037,5.033007],[-1.580224,5.03314]]}},{"type":"Feature","properties":{"district_id":"GH-CEN-KOMEN","district_name":"Komenda-Edina-Eguafo-Abirem-","region":"Central"},"geometry":{"type":"LineString","coordinates":[[-1.580224,5.03314],[-1.572212,5.033444],[-1.570668,5.033639],[-1.569004,5.033573],[-1.567362,5.033636],[-1.565913,5.033692],[-1.564634,5.033475],[-1.564127,5.033863],[-1.563371,5.033994],[-1.562293,5.034034],[-1.560722,5.034408],[-1.557515,5.034909],[-1.55737,5.035248],[-1.556912,5.035491],[-1.555971,5.036096],[-1.554337,5.036128],[-1.553437,5.036341],[-1.552206,5.036438],[-1.550624,5.037255],[-1.549263,5.037603],[-1.547364,5.037946],[-1.545857,5.037676],[-1.543791,5.037774],[-1.542866,5.037945],[-1.541725,5.038047],[-1.54078,5.038474],[-1.540316,5.038416],[-1.539737,5.038494],[-1.538656,5.038945],[-1.536397,5.039117],[-1.534601,5.039021],[-1.533327,5.039351],[-1.532555,5.03941],[-1.53132,5.040205],[-1.530952,5.040352],[-1.530606,5.040399],[-1.529274,5.040807],[-1.528501,5.040846],[-1.526667,5.041312],[-1.525528,5.041391],[-1.522767,5.041645],[-1.521459,5.041698],[-1.520758,5.041795],[-1.519446,5.041977],[-1.518616,5.04219],[-1.515353,5.04227],[-1.514175,5.042504],[-1.513828,5.042426],[-1.509966,5.042778],[-1.508846,5.042779],[-1.508055,5.042934],[-1.50583,5.042786],[-1.504463,5.042937],[-1.504174,5.043789],[-1.503419,5.044332],[-1.502688,5.044507],[-1.501877,5.044624],[-1.501607,5.044469],[-1.500642,5.044857],[-1.500062,5.045051],[-1.498926,5.046238],[-1.497051,5.046889],[-1.4957,5.047359],[-1.493722,5.047777],[-1.491839,5.048388],[-1.490912,5.048447],[-1.490237,5.048583],[-1.489619,5.048448],[-1.489136,5.048545],[-1.488718,5.049126],[-1.488403,5.049223],[-1.488248,5.049107],[-1.487881,5.048875],[-1.487727,5.048875],[-1.487708,5.049204],[-1.487438,5.049747],[-1.48709,5.04994],[-1.486724,5.049999],[-1.486222,5.05089],[-1.484968,5.051569],[-1.483385,5.052209],[-1.48128,5.052617],[-1.480778,5.052869],[-1.480412,5.052908],[-1.47989,5.052812],[-1.47962,5.05256],[-1.47933,5.052657],[-1.478828,5.052928],[-1.478423,5.053529],[-1.478211,5.053936],[-1.4774,5.054149],[-1.477107,5.054023],[-1.476859,5.054111],[-1.476304,5.054125],[-1.47601,5.054228],[-1.47603,5.054557],[-1.475792,5.05489],[-1.475546,5.054981],[-1.475064,5.055158],[-1.474331,5.055352],[-1.473319,5.055385],[-1.472863,5.055547],[-1.471454,5.055877],[-1.470547,5.056013],[-1.469852,5.05613],[-1.465835,5.056423],[-1.46263,5.056852],[-1.460738,5.057027],[-1.459503,5.056956],[-1.458866,5.056985],[-1.457764,5.056778],[-1.456104,5.05705],[-1.45313,5.057304],[-1.452454,5.057428],[-1.449713,5.057577],[-1.447377,5.058024],[-1.445869,5.058173],[-1.444944,5.058239],[-1.443534,5.058453],[-1.442472,5.058666],[-1.441932,5.059035],[-1.441539,5.059673],[-1.441122,5.059965],[-1.440639,5.060236],[-1.440142,5.060071],[-1.439983,5.060159],[-1.439905,5.060411],[-1.44006,5.060585],[-1.440036,5.060849],[-1.439867,5.060972],[-1.439558,5.060779],[-1.439269,5.060857],[-1.439365,5.061089],[-1.439636,5.061147],[-1.4397,5.061526],[-1.439153,5.06198],[-1.43869,5.062096],[-1.437358,5.063298],[-1.436818,5.063685],[-1.434965,5.06419],[-1.434698,5.064164],[-1.434192,5.064326],[-1.433825,5.064227],[-1.433525,5.064303],[-1.43303,5.064429],[-1.432744,5.064501],[-1.432264,5.064703],[-1.431933,5.064792],[-1.431633,5.064844],[-1.431049,5.065],[-1.430659,5.065103],[-1.429829,5.065162],[-1.428921,5.065181],[-1.427936,5.065257],[-1.426489,5.065551],[-1.425678,5.066152],[-1.423863,5.066966],[-1.423496,5.067025],[-1.421971,5.067606],[-1.4195,5.06817],[-1.417994,5.068248],[-1.417319,5.068458],[-1.415059,5.06854],[-1.410289,5.068505],[-1.408494,5.068977],[-1.407895,5.06901],[-1.406931,5.068995],[-1.406215,5.06903],[-1.405211,5.069166],[-1.404248,5.069299],[-1.403203,5.069361],[-1.40191,5.069532],[-1.400345,5.069634],[-1.399187,5.069615],[-1.39799,5.069906],[-1.396213,5.070256],[-1.395013,5.070277],[-1.394727,5.070393],[-1.393819,5.070606],[-1.393004,5.070747],[-1.392564,5.070897],[-1.391676,5.071324],[-1.391097,5.071847],[-1.391059,5.072099],[-1.390711,5.072412],[-1.390113,5.07268],[-1.388994,5.073059],[-1.388511,5.073262],[-1.387485,5.073483],[-1.386792,5.073747],[-1.386252,5.073666],[-1.385189,5.074057],[-1.384881,5.074097],[-1.384765,5.074213],[-1.383413,5.074002],[-1.383107,5.074056],[-1.381984,5.074253],[-1.381791,5.07435],[-1.380034,5.074545],[-1.379069,5.074526],[-1.378354,5.074236],[-1.377697,5.07412],[-1.376616,5.074353],[-1.375786,5.074819],[-1.375147,5.075357],[-1.37457,5.075633],[-1.374358,5.075691],[-1.373682,5.07573],[-1.373257,5.075924],[-1.373213,5.076397],[-1.372929,5.076544],[-1.372408,5.076718],[-1.371687,5.076844],[-1.371269,5.077029],[-1.369821,5.077181],[-1.369492,5.077301],[-1.369087,5.077766],[-1.367465,5.077786],[-1.366557,5.077883],[-1.36594,5.07798],[-1.364704,5.07833],[-1.36061,5.078855],[-1.360188,5.079031],[-1.35922,5.079127],[-1.358293,5.079263],[-1.356818,5.079356],[-1.356285,5.079535],[-1.355763,5.079572],[-1.355243,5.079729],[-1.354876,5.079729],[-1.35438,5.079678],[-1.353929,5.079788],[-1.353447,5.080369],[-1.352849,5.081008],[-1.350995,5.081106],[-1.349866,5.081259],[-1.349392,5.081398],[-1.347674,5.081689],[-1.346659,5.082137],[-1.346322,5.08265],[-1.346697,5.082942],[-1.34703,5.083234],[-1.346988,5.084067],[-1.346781,5.08482],[-1.346989,5.085237],[-1.347446,5.084152],[-1.348029,5.084152],[-1.348487,5.085237],[-1.348405,5.086864],[-1.347991,5.087761],[-1.346617,5.089161],[-1.345868,5.089703],[-1.344328,5.090247],[-1.342497,5.091082],[-1.341415,5.091834],[-1.340666,5.092169],[-1.340255,5.092236],[-1.339168,5.092416],[-1.337337,5.092588],[-1.33517,5.093033],[-1.334465,5.093132],[-1.333558,5.093372],[-1.332593,5.093842],[-1.332135,5.093842],[-1.330491,5.09426],[-1.329139,5.094428],[-1.327807,5.094803],[-1.326933,5.094888],[-1.326493,5.095029],[-1.326184,5.094889],[-1.325607,5.095113],[-1.324769,5.095182],[-1.324075,5.09554],[-1.323437,5.096059],[-1.322979,5.09585],[-1.322397,5.095976],[-1.321738,5.096785]]}},{"type":"Feature","properties":{"district_id":"GH-CEN-CAPE_","district_name":"Cape Coast","region":"Central"},"geometry":{"type":"LineString","coordinates":[[-1.321738,5.096785],[-1.320524,5.09677],[-1.317486,5.097522],[-1.315447,5.097565],[-1.310036,5.09786],[-1.305668,5.098102],[-1.304043,5.098447],[-1.299964,5.098658],[-1.292552,5.097498],[-1.279212,5.098619],[-1.263874,5.09894],[-1.26379,5.098944],[-1.255551,5.099392],[-1.252112,5.100354],[-1.251003,5.100466],[-1.248366,5.100583],[-1.246428,5.100583],[-1.241113,5.102351],[-1.239243,5.103121],[-1.236272,5.106122],[-1.232531,5.108201],[-1.232388,5.10798],[-1.228578,5.111011],[-1.227508,5.111647],[-1.225677,5.112489],[-1.223705,5.11352],[-1.218141,5.11566],[-1.216352,5.116158],[-1.213125,5.116888],[-1.212479,5.117239],[-1.211799,5.117842]]}},{"type":"Feature","properties":{"district_id":"GH-CEN-ABURA","district_name":"Abura-Asebu-Kwamankese","region":"Central"},"geometry":{"type":"LineString","coordinates":[[-1.211799,5.117842],[-1.207708,5.119188],[-1.204839,5.120546],[-1.198724,5.127496],[-1.197805,5.13135],[-1.198433,5.132907]]}},{"type":"Feature","properties":{"district_id":"GH-CEN-MFANT","district_name":"Mfantseman","region":"Central"},"geometry":{"type":"LineString","coordinates":[[-1.198433,5.132907],[-1.197372,5.134289],[-1.197117,5.134863],[-1.196847,5.1354],[-1.19665,5.135699],[-1.196452,5.135999],[-1.19588,5.136512],[-1.195017,5.137135],[-1.194541,5.137334],[-1.193702,5.137836],[-1.19172,5.138561],[-1.191077,5.138561],[-1.190472,5.13862],[-1.190098,5.138713],[-1.189504,5.138995],[-1.189015,5.139111],[-1.188115,5.139089],[-1.187615,5.139265],[-1.187043,5.139428],[-1.185417,5.139728],[-1.18379,5.140028],[-1.18315,5.140259],[-1.182592,5.140259],[-1.182229,5.1404],[-1.181423,5.140624],[-1.180516,5.140811],[-1.179944,5.140985],[-1.179289,5.141115],[-1.17789,5.141209],[-1.177384,5.141326],[-1.170499,5.143188],[-1.170103,5.143538],[-1.169729,5.143646],[-1.168844,5.144255],[-1.168135,5.144396],[-1.167585,5.144675],[-1.166991,5.145014],[-1.16635,5.14532],[-1.166117,5.145566],[-1.165069,5.146208],[-1.162018,5.148995],[-1.159802,5.151205],[-1.159687,5.15399],[-1.158156,5.15552],[-1.157688,5.155708],[-1.157378,5.155802],[-1.156547,5.156169],[-1.15636,5.15634],[-1.155292,5.157536],[-1.155016,5.157727],[-1.154876,5.157727],[-1.154549,5.157798],[-1.154224,5.158],[-1.152278,5.158764],[-1.151455,5.159087],[-1.151005,5.159423],[-1.150851,5.159594],[-1.150719,5.159867],[-1.150647,5.16025],[-1.150337,5.160703],[-1.150177,5.160854],[-1.150018,5.161006],[-1.149878,5.161279],[-1.149792,5.161684],[-1.149762,5.161957],[-1.149584,5.162285],[-1.149116,5.162845],[-1.149111,5.163168],[-1.148938,5.163705],[-1.148627,5.164133],[-1.148518,5.164211],[-1.143102,5.166069],[-1.142845,5.16624],[-1.142449,5.166257],[-1.141989,5.166343],[-1.141734,5.166436],[-1.141011,5.166781],[-1.140639,5.16688],[-1.140202,5.166919],[-1.139432,5.167038],[-1.139232,5.16703],[-1.138671,5.166944],[-1.138492,5.166944],[-1.138321,5.166999],[-1.138088,5.167013],[-1.137909,5.167115],[-1.137777,5.167273],[-1.137551,5.167435],[-1.129373,5.170483],[-1.119651,5.172989],[-1.119588,5.173102],[-1.119349,5.173292],[-1.118895,5.173507],[-1.118744,5.173634],[-1.118581,5.173923],[-1.118441,5.17434],[-1.118114,5.174745],[-1.1179,5.174908],[-1.117649,5.174908],[-1.117284,5.174845],[-1.117045,5.175021],[-1.11697,5.175148],[-1.117072,5.175705],[-1.117058,5.175997],[-1.116882,5.176287],[-1.116531,5.176565],[-1.115588,5.177511],[-1.115461,5.177687],[-1.115398,5.178255],[-1.114919,5.178636],[-1.114768,5.178698],[-1.114617,5.17876],[-1.1141,5.178837],[-1.113561,5.179014],[-1.112742,5.179091],[-1.11239,5.179179],[-1.112194,5.179204],[-1.111999,5.179229],[-1.111633,5.179342],[-1.111194,5.179533],[-1.110916,5.179621],[-1.11055,5.179604],[-1.110115,5.179575],[-1.109748,5.179613],[-1.109303,5.179734],[-1.108742,5.179809],[-1.108172,5.180057],[-1.1076,5.180144],[-1.107188,5.180206],[-1.106847,5.180371],[-1.106518,5.180668],[-1.106189,5.180965],[-1.106104,5.181552],[-1.105892,5.181979],[-1.103581,5.184247],[-1.103388,5.184421],[-1.10298,5.184782],[-1.102616,5.185016],[-1.102205,5.185125],[-1.101748,5.185314],[-1.100972,5.185576],[-1.100482,5.1858],[-1.100118,5.185999],[-1.099777,5.186279],[-1.09851,5.186731],[-1.098203,5.186861],[-1.097761,5.187268],[-1.097454,5.187513],[-1.097171,5.187758],[-1.096828,5.187865],[-1.096477,5.188179],[-1.096355,5.188548],[-1.09599,5.188725],[-1.095764,5.188934],[-1.095608,5.189327],[-1.095452,5.189754],[-1.094961,5.190154],[-1.094701,5.190514],[-1.094441,5.190793],[-1.094271,5.19099],[-1.093931,5.191281],[-1.093635,5.191457],[-1.09335,5.191564],[-1.093133,5.191612],[-1.092869,5.191638],[-1.092652,5.191675],[-1.092332,5.19169],[-1.092127,5.191854],[-1.091945,5.191959],[-1.091878,5.192144],[-1.091903,5.192316],[-1.091997,5.192475],[-1.092181,5.192553],[-1.092344,5.192747],[-1.092257,5.193138],[-1.09202,5.193509],[-1.091691,5.193743],[-1.091395,5.193987],[-1.090986,5.194222],[-1.090529,5.194377],[-1.0903,5.194408],[-1.083506,5.196104],[-1.067361,5.198552],[-1.048204,5.199837],[-1.025436,5.201145],[-1.024273,5.201137],[-1.022257,5.201071],[-1.02138,5.201146],[-1.020667,5.201245],[-1.019573,5.201137],[-1.018687,5.201151],[-1.015377,5.201318]]}},{"type":"Feature","properties":{"district_id":"GH-CEN-EKUMF","district_name":"Ekumfi","region":"Central"},"geometry":{"type":"LineString","coordinates":[[-1.015377,5.201318],[-1.015013,5.201245],[-1.013308,5.201297],[-1.011821,5.201457],[-1.011188,5.20132],[-1.010204,5.201344],[-1.009901,5.20139],[-0.986556,5.2019],[-0.986361,5.201918],[-0.985982,5.201932],[-0.985558,5.20191],[-0.985236,5.201874],[-0.984596,5.201898],[-0.984238,5.201898],[-0.983839,5.20189],[-0.983413,5.201843],[-0.982968,5.201879],[-0.982497,5.202042],[-0.982049,5.202124],[-0.981752,5.202102],[-0.980787,5.20216],[-0.980273,5.202163],[-0.979846,5.202174],[-0.979514,5.20213],[-0.978884,5.202075],[-0.978356,5.202053],[-0.977245,5.202146],[-0.976189,5.20216],[-0.975798,5.202276],[-0.975273,5.20229],[-0.974789,5.202301],[-0.974434,5.202303],[-0.973906,5.202339],[-0.973414,5.202292],[-0.973024,5.202237],[-0.972485,5.202262],[-0.972003,5.202215],[-0.971431,5.202138],[-0.971074,5.202127],[-0.970546,5.202152],[-0.970054,5.202152],[-0.969583,5.202209],[-0.969182,5.202256],[-0.96861,5.20235],[-0.968277,5.202444],[-0.967887,5.202513],[-0.967452,5.202526],[-0.96704,5.202482],[-0.966877,5.202446],[-0.966602,5.202471],[-0.966294,5.202587],[-0.965879,5.202587],[-0.965478,5.202554],[-0.96509,5.202485],[-0.964732,5.202463],[-0.929139,5.204654],[-0.92844,5.204668],[-0.927728,5.204715],[-0.927189,5.204842],[-0.926537,5.204935],[-0.92563,5.205032],[-0.924978,5.205054],[-0.924346,5.205056],[-0.923763,5.205103],[-0.923268,5.205081],[-0.922855,5.205048],[-0.922522,5.205026],[-0.921939,5.205015],[-0.921444,5.205039],[-0.920861,5.205064],[-0.920265,5.205111],[-0.919874,5.205205],[-0.919508,5.205263],[-0.919266,5.205309],[-0.918923,5.205381],[-0.918384,5.205334],[-0.917685,5.205315],[-0.917237,5.205304],[-0.916492,5.205361],[-0.916021,5.205259],[-0.915403,5.205317],[-0.914817,5.205389],[-0.914371,5.205425],[-0.913992,5.205402],[-0.913511,5.205333],[-0.912856,5.205325],[-0.912201,5.205452],[-0.911803,5.205534],[-0.911412,5.20557],[-0.910826,5.205595],[-0.91015,5.205595],[-0.909427,5.205573],[-0.908739,5.205586],[-0.908016,5.205564],[-0.907408,5.205636],[-0.90702,5.205614],[-0.906481,5.205603],[-0.906091,5.20558],[-0.905654,5.205583],[-0.905299,5.205558],[-0.90484,5.205619],[-0.904427,5.205608],[-0.903913,5.205655],[-0.903407,5.205679],[-0.902868,5.205668],[-0.902213,5.205751],[-0.901779,5.20574],[-0.901342,5.205753],[-0.900827,5.205764],[-0.900357,5.205789],[-0.900024,5.205825],[-0.899645,5.205963],[-0.899279,5.206034],[-0.898982,5.206045],[-0.898636,5.206023],[-0.898339,5.206023],[-0.898053,5.206084],[-0.89756,5.206222],[-0.897214,5.206304],[-0.896884,5.206224],[-0.8967,5.206177],[-0.896584,5.206155],[-0.896218,5.206155],[-0.895828,5.206307],[-0.895415,5.206342],[-0.894865,5.206331],[-0.894381,5.206356],[-0.893969,5.206381],[-0.893661,5.206403],[-0.893248,5.20637],[-0.893017,5.206326],[-0.89272,5.206279],[-0.89225,5.206361],[-0.891837,5.206441],[-0.891298,5.206455],[-0.890747,5.206496],[-0.890196,5.206537],[-0.889783,5.206526],[-0.88945,5.206587],[-0.888947,5.206623],[-0.888386,5.20668],[-0.88788,5.206749],[-0.88749,5.206752],[-0.887135,5.206799],[-0.886689,5.206881],[-0.886368,5.20687],[-0.886024,5.206848],[-0.885666,5.20679],[-0.88529,5.206859],[-0.884888,5.206975],[-0.884302,5.207093],[-0.883937,5.207104],[-0.883524,5.207118],[-0.883007,5.207085],[-0.882548,5.207107],[-0.882229,5.207142],[-0.881871,5.207189],[-0.881517,5.207225],[-0.880945,5.207239],[-0.880744,5.207257],[-0.880543,5.207274],[-0.880015,5.207241],[-0.879647,5.207172],[-0.879165,5.207114],[-0.878789,5.20715],[-0.878442,5.207233],[-0.877903,5.207257],[-0.877204,5.207315],[-0.876459,5.207409],[-0.875725,5.207469],[-0.875128,5.207552],[-0.874556,5.207632],[-0.87405,5.207703],[-0.873662,5.207761],[-0.873044,5.207808],[-0.87256,5.207868],[-0.872125,5.207857],[-0.87177,5.207868],[-0.871438,5.207893],[-0.870967,5.207849],[-0.870461,5.207827],[-0.8699,5.207815],[-0.869235,5.207818],[-0.868547,5.207807],[-0.86794,5.207796],[-0.867241,5.20782],[-0.866644,5.207845],[-0.866185,5.207801],[-0.865858,5.207813],[-0.865531,5.207826],[-0.86481,5.207963],[-0.864315,5.208013],[-0.863696,5.208037],[-0.86302,5.208095],[-0.862585,5.208131],[-0.861988,5.208167],[-0.861232,5.208144],[-0.860589,5.208205],[-0.860234,5.208252],[-0.859912,5.208343],[-0.859384,5.208378],[-0.858812,5.20845],[-0.858078,5.208439],[-0.857423,5.208383],[-0.856736,5.208419],[-0.856092,5.208502],[-0.855474,5.208515],[-0.854924,5.20854],[-0.8545,5.20854],[-0.854041,5.208554],[-0.85356,5.208565],[-0.8531,5.208636],[-0.852583,5.208694],[-0.852371,5.208701],[-0.85216,5.208708],[-0.851714,5.208754],[-0.850991,5.208859],[-0.850061,5.209032],[-0.849363,5.209035],[-0.848686,5.209082],[-0.848079,5.209106],[-0.847515,5.209084],[-0.846863,5.20904],[-0.846357,5.209098],[-0.845865,5.209169],[-0.845474,5.209252],[-0.845073,5.209332],[-0.844479,5.209403],[-0.843788,5.209472],[-0.843445,5.209502],[-0.843101,5.209532],[-0.842504,5.209546],[-0.841839,5.209546],[-0.841462,5.209549],[-0.840887,5.209584],[-0.840337,5.209642],[-0.839617,5.209736],[-0.838904,5.209796],[-0.838376,5.209865],[-0.837725,5.209936],[-0.83707,5.209972],[-0.836451,5.21003],[-0.835797,5.210101],[-0.835167,5.210253],[-0.834628,5.210346],[-0.834169,5.210368],[-0.833583,5.210476],[-0.833126,5.210567],[-0.832747,5.210613],[-0.832345,5.210627],[-0.832059,5.210638],[-0.831636,5.210709],[-0.831245,5.210734],[-0.830797,5.210723],[-0.830442,5.210632],[-0.829994,5.21069],[-0.829549,5.210759],[-0.82918,5.210852],[-0.828883,5.21091],[-0.823438,5.21227],[-0.82261,5.212226],[-0.821557,5.212253],[-0.820844,5.212206],[-0.820088,5.212427],[-0.819194,5.212961],[-0.818344,5.213077],[-0.817508,5.213057],[-0.816933,5.212988],[-0.816315,5.213255],[-0.815525,5.213429],[-0.814744,5.213511],[-0.814024,5.213627],[-0.813402,5.213861],[-0.813003,5.213988],[-0.812624,5.214277],[-0.811994,5.214382],[-0.811477,5.214776],[-0.811031,5.21488],[-0.810641,5.215029],[-0.81017,5.21525],[-0.809574,5.215423],[-0.809002,5.215517],[-0.808509,5.215577],[-0.80805,5.215613],[-0.807728,5.215635],[-0.807385,5.215706],[-0.807224,5.215897],[-0.807063,5.216087],[-0.806812,5.216594],[-0.806548,5.216757],[-0.805918,5.21685],[-0.805643,5.217335],[-0.805426,5.21806],[-0.805393,5.218708],[-0.805519,5.219053],[-0.805599,5.219397],[-0.805244,5.219872],[-0.804911,5.220172],[-0.804476,5.220277],[-0.804287,5.220294],[-0.804097,5.220312],[-0.803775,5.220268],[-0.803558,5.22029],[-0.803456,5.220706],[-0.803445,5.220899],[-0.80345,5.221068],[-0.803343,5.221106],[-0.803214,5.221054],[-0.803079,5.221114],[-0.802975,5.221213],[-0.803007,5.22139],[-0.803016,5.221619],[-0.802939,5.221746],[-0.802446,5.221941],[-0.801918,5.222115],[-0.801506,5.22215],[-0.801162,5.222186],[-0.800887,5.222291],[-0.800601,5.222522],[-0.800221,5.222533],[-0.799946,5.222869],[-0.798106,5.22311]]}},{"type":"Feature","properties":{"district_id":"GH-CEN-GOMOA_3","district_name":"Gomoa West","region":"Central"},"geometry":{"type":"LineString","coordinates":[[-0.798106,5.22311],[-0.797699,5.223197],[-0.797105,5.223395],[-0.796588,5.223602],[-0.796222,5.223701],[-0.795818,5.223861],[-0.795694,5.223872],[-0.795515,5.22387],[-0.795441,5.223996],[-0.795337,5.224133],[-0.795163,5.224271],[-0.794946,5.224409],[-0.794715,5.224569],[-0.794451,5.224613],[-0.79436,5.224726],[-0.794291,5.224842],[-0.794173,5.225081],[-0.794093,5.22523],[-0.794002,5.225255],[-0.793887,5.225277],[-0.793692,5.225274],[-0.793507,5.225296],[-0.793359,5.225354],[-0.793084,5.225492],[-0.792773,5.225594],[-0.792429,5.22574],[-0.792198,5.225831],[-0.792039,5.225842],[-0.791797,5.22582],[-0.791626,5.225842],[-0.79142,5.226023],[-0.791211,5.226205],[-0.791026,5.226448],[-0.790911,5.226528],[-0.79082,5.226492],[-0.790707,5.226412],[-0.790556,5.226354],[-0.790432,5.226376],[-0.790339,5.226478],[-0.79019,5.226569],[-0.790111,5.226558],[-0.790017,5.226409],[-0.789951,5.226304],[-0.789684,5.226486],[-0.789583,5.226671],[-0.789489,5.226888],[-0.789412,5.227192],[-0.789538,5.227456],[-0.789813,5.227754],[-0.790341,5.227939],[-0.790754,5.228066],[-0.791064,5.228527],[-0.790949,5.229034],[-0.790756,5.229646],[-0.790618,5.230175],[-0.790756,5.230682],[-0.790711,5.231212],[-0.790414,5.231849],[-0.790356,5.231975],[-0.790183,5.232113],[-0.789897,5.232345],[-0.789622,5.232587],[-0.789336,5.232736],[-0.789141,5.232885],[-0.788978,5.233067],[-0.78883,5.233342],[-0.788681,5.233574],[-0.78837,5.233825],[-0.787944,5.234111],[-0.787457,5.234505],[-0.786976,5.234748],[-0.786447,5.234968],[-0.785897,5.235177],[-0.785358,5.235351],[-0.784855,5.235467],[-0.784453,5.235585],[-0.783972,5.235827],[-0.783603,5.235976],[-0.783386,5.236012],[-0.783169,5.236026],[-0.783031,5.236174],[-0.782927,5.236417],[-0.782825,5.236544],[-0.782583,5.236591],[-0.782503,5.236717],[-0.782379,5.236924],[-0.782184,5.237087],[-0.782126,5.237445],[-0.782104,5.237732],[-0.782126,5.237905],[-0.782137,5.238112],[-0.782057,5.238275],[-0.781887,5.238426],[-0.781807,5.238691],[-0.781633,5.238829],[-0.781463,5.238887],[-0.781358,5.238991],[-0.781267,5.239267],[-0.781204,5.239423],[-0.781141,5.239579],[-0.780866,5.239846],[-0.780591,5.24002],[-0.780351,5.240168],[-0.780145,5.240215],[-0.779881,5.240287],[-0.779697,5.240436],[-0.779675,5.240747],[-0.779743,5.241059],[-0.779859,5.241381],[-0.779916,5.241577],[-0.779974,5.241968],[-0.779916,5.242247],[-0.779778,5.242592],[-0.779688,5.242798],[-0.77955,5.243066],[-0.779412,5.243261],[-0.779355,5.243399],[-0.779423,5.243631],[-0.779035,5.243931],[-0.778909,5.244105],[-0.778782,5.244347],[-0.778793,5.244587],[-0.778851,5.244772],[-0.77884,5.245004],[-0.77868,5.245282],[-0.778314,5.245651],[-0.778061,5.245952],[-0.777808,5.246216],[-0.777453,5.246484],[-0.777225,5.246599],[-0.777008,5.246748],[-0.776697,5.246922],[-0.776273,5.247164],[-0.775814,5.247373],[-0.775321,5.247514],[-0.774818,5.247652],[-0.774392,5.247803],[-0.773946,5.247908],[-0.773578,5.248012],[-0.773281,5.248128],[-0.772741,5.248323],[-0.772502,5.248384],[-0.772145,5.248627],[-0.771836,5.248891],[-0.771676,5.248996],[-0.771515,5.2491],[-0.771058,5.249307],[-0.77061,5.249494],[-0.769958,5.249762],[-0.769696,5.249841],[-0.769421,5.249946],[-0.768803,5.250216],[-0.76839,5.250401],[-0.767911,5.250621],[-0.767672,5.25075],[-0.76743,5.250866],[-0.766973,5.250996],[-0.766756,5.2511],[-0.766514,5.251205],[-0.766275,5.251241],[-0.766183,5.251206],[-0.76609,5.251172],[-0.765986,5.251103],[-0.765895,5.251092],[-0.765826,5.251243],[-0.765714,5.251381],[-0.765598,5.251541],[-0.761455,5.253602],[-0.761263,5.253544],[-0.760996,5.253601],[-0.760691,5.253871],[-0.760548,5.25386],[-0.759775,5.254023],[-0.759544,5.254216],[-0.75923,5.254626],[-0.758758,5.255519],[-0.758286,5.256412],[-0.758,5.256768],[-0.756861,5.2573],[-0.756377,5.257925],[-0.756146,5.258002],[-0.755829,5.258419],[-0.755708,5.259339],[-0.755763,5.259836],[-0.755919,5.260296],[-0.756054,5.261101],[-0.75634,5.261636],[-0.756378,5.261961],[-0.756669,5.262753],[-0.756609,5.263166],[-0.756686,5.263241],[-0.756647,5.263414],[-0.756743,5.263605],[-0.756705,5.26393],[-0.755497,5.265107],[-0.755136,5.265385],[-0.754889,5.265501],[-0.753984,5.266537],[-0.752542,5.26743],[-0.751986,5.267986],[-0.751621,5.268168],[-0.751356,5.268904],[-0.749735,5.271121]]}},{"type":"Feature","properties":{"district_id":"GH-CEN-GOMOA","district_name":"Gomoa Central","region":"Central"},"geometry":{"type":"LineString","coordinates":[[-0.749735,5.271121],[-0.749623,5.271343],[-0.749518,5.2716],[-0.749248,5.271964],[-0.749155,5.272341],[-0.749003,5.272531],[-0.748778,5.272716],[-0.748659,5.273107],[-0.748406,5.273433],[-0.748241,5.27383],[-0.747836,5.27421],[-0.747223,5.274535],[-0.746582,5.274965],[-0.745886,5.275298],[-0.744519,5.275783],[-0.743526,5.276182],[-0.742525,5.276626],[-0.741653,5.276873],[-0.740599,5.277231],[-0.739911,5.277509],[-0.739114,5.277796],[-0.738506,5.278069],[-0.737865,5.278289],[-0.737397,5.278454],[-0.737026,5.27852],[-0.736517,5.278575],[-0.736154,5.278919],[-0.73584,5.279057],[-0.7352,5.279131],[-0.734949,5.279137],[-0.734649,5.279456],[-0.734281,5.279594],[-0.733945,5.279903],[-0.733634,5.280222],[-0.733523,5.280331],[-0.733411,5.28044],[-0.733191,5.280454],[-0.733106,5.280732],[-0.732847,5.280864],[-0.732734,5.281487],[-0.732456,5.281826],[-0.731975,5.28216],[-0.731559,5.282361],[-0.730962,5.282838],[-0.730253,5.283463],[-0.729617,5.283827],[-0.728844,5.284204],[-0.728088,5.28454],[-0.727532,5.284777],[-0.727342,5.284923],[-0.727229,5.284944],[-0.727117,5.284964],[-0.726924,5.285182],[-0.727009,5.285309],[-0.727061,5.285422],[-0.727028,5.285579],[-0.726825,5.2858],[-0.726423,5.286025],[-0.726357,5.286271],[-0.726437,5.286436],[-0.726626,5.286417],[-0.72672,5.286321],[-0.726813,5.286224],[-0.726899,5.2861],[-0.727058,5.286086],[-0.727322,5.286246],[-0.727421,5.286492],[-0.727421,5.286737],[-0.727553,5.286903],[-0.727891,5.286961],[-0.728692,5.286936],[-0.728986,5.287027],[-0.729283,5.287116],[-0.729602,5.287141],[-0.72988,5.287375],[-0.730196,5.287871],[-0.730388,5.288329],[-0.730539,5.288974],[-0.730679,5.289405],[-0.730849,5.290177],[-0.73091,5.290711],[-0.73097,5.291246],[-0.731069,5.291836],[-0.731027,5.292156],[-0.730857,5.292501],[-0.730645,5.293019],[-0.730515,5.293261],[-0.730399,5.294882],[-0.727499,5.297925],[-0.72697,5.298363],[-0.726478,5.29863],[-0.725911,5.299057],[-0.725256,5.29938],[-0.724822,5.299674],[-0.724514,5.299975],[-0.724274,5.299999],[-0.723782,5.300162],[-0.723265,5.300454],[-0.722838,5.300564],[-0.722291,5.300633],[-0.721689,5.300977],[-0.72023,5.301712],[-0.718987,5.30212],[-0.717829,5.302599],[-0.717185,5.302858],[-0.716379,5.303048],[-0.716152,5.303147],[-0.715925,5.303246],[-0.715141,5.303554],[-0.714179,5.303832],[-0.713109,5.304113],[-0.712135,5.304342],[-0.711029,5.304642],[-0.710347,5.304848],[-0.709731,5.305206],[-0.709076,5.305548],[-0.707786,5.305875],[-0.707413,5.305989],[-0.705185,5.306537],[-0.704757,5.306662],[-0.704256,5.306943],[-0.70386,5.30737],[-0.703392,5.307877],[-0.703125,5.308037],[-0.702611,5.308117],[-0.701569,5.308196],[-0.700994,5.308345],[-0.700468,5.308427],[-0.699803,5.308455],[-0.699456,5.308504],[-0.699187,5.308664],[-0.69887,5.309033],[-0.698592,5.30932],[-0.698196,5.309499],[-0.697783,5.309639],[-0.697516,5.309818],[-0.697318,5.310069],[-0.697258,5.310469],[-0.697048,5.310777],[-0.696561,5.311014],[-0.696036,5.311124],[-0.695362,5.311482],[-0.694669,5.31178],[-0.693816,5.31192],[-0.692823,5.31201],[-0.691954,5.312093],[-0.690983,5.312321],[-0.689434,5.312767],[-0.688034,5.313177],[-0.687513,5.313266],[-0.686992,5.313356],[-0.68607,5.313396],[-0.685715,5.313446],[-0.685435,5.313584],[-0.685118,5.313911],[-0.684829,5.314159],[-0.684681,5.31419],[-0.684469,5.314363],[-0.683765,5.314713],[-0.68289,5.315121],[-0.681976,5.315597],[-0.680884,5.316214],[-0.679891,5.316655],[-0.679332,5.316853],[-0.678777,5.316963],[-0.678213,5.317153],[-0.677687,5.317381],[-0.67717,5.317679],[-0.676496,5.317957],[-0.676287,5.318006],[-0.676048,5.318048],[-0.675286,5.318406],[-0.674788,5.318676],[-0.674625,5.318855],[-0.674339,5.319042],[-0.673709,5.319367],[-0.672988,5.319496],[-0.672449,5.319637],[-0.671718,5.319884],[-0.669921,5.320468],[-0.668835,5.320842],[-0.66802,5.321123],[-0.666931,5.321453],[-0.665465,5.321802],[-0.664491,5.322155],[-0.654577,5.32425],[-0.654302,5.324297],[-0.65365,5.324335],[-0.652882,5.324536],[-0.652206,5.324701],[-0.651909,5.324795],[-0.651394,5.325026],[-0.650797,5.325086],[-0.64995,5.325262],[-0.649067,5.32551],[-0.648129,5.32571],[-0.64751,5.325807],[-0.646855,5.325889],[-0.646638,5.326029],[-0.646478,5.326134],[-0.646308,5.326203],[-0.645562,5.326241],[-0.645015,5.32645],[-0.644316,5.326659],[-0.642954,5.327083],[-0.640787,5.3276],[-0.639887,5.327765]]}},{"type":"Feature","properties":{"district_id":"GH-CEN-EFFUT","district_name":"Effutu","region":"Central"},"geometry":{"type":"LineString","coordinates":[[-0.639887,5.327765],[-0.633113,5.329057],[-0.623163,5.331507],[-0.611919,5.336872],[-0.598358,5.343341],[-0.589065,5.348119],[-0.564926,5.360527],[-0.553102,5.364915],[-0.553249,5.365211]]}},{"type":"Feature","properties":{"district_id":"GH-CEN-AWUTU","district_name":"Awutu Senya East","region":"Central"},"geometry":{"type":"LineString","coordinates":[[-0.553249,5.365211],[-0.552001,5.365082],[-0.551168,5.365294],[-0.550631,5.365382],[-0.549702,5.365552],[-0.548232,5.365838],[-0.547338,5.366058],[-0.546631,5.366187],[-0.54516,5.366379],[-0.544513,5.366458],[-0.543839,5.366626],[-0.543303,5.366763],[-0.542785,5.366813],[-0.542111,5.367013],[-0.54114,5.367332],[-0.540626,5.367431],[-0.539578,5.367728],[-0.538843,5.367887],[-0.538229,5.368066],[-0.537682,5.368126],[-0.536887,5.368195],[-0.52711,5.370079],[-0.526593,5.370175],[-0.525828,5.370304],[-0.524953,5.370573],[-0.523998,5.370831],[-0.522887,5.37109],[-0.522072,5.371257],[-0.521448,5.371356],[-0.521121,5.371378],[-0.520951,5.371414],[-0.512826,5.373708],[-0.512165,5.373866],[-0.510869,5.374386],[-0.510583,5.374454],[-0.510382,5.374454],[-0.509868,5.374622],[-0.509172,5.374842],[-0.5083,5.375158],[-0.507733,5.375359],[-0.50702,5.375491],[-0.506046,5.375807],[-0.505111,5.376077],[-0.504376,5.376305],[-0.503771,5.376506],[-0.503243,5.376654],[-0.502698,5.376783],[-0.501666,5.377163],[-0.501031,5.37741],[-0.499099,5.377818],[-0.499014,5.377836],[-0.498887,5.377919],[-0.498761,5.37802],[-0.49867,5.378158],[-0.498604,5.378263],[-0.498466,5.378343],[-0.498351,5.378379],[-0.49826,5.378483],[-0.498202,5.378643],[-0.498089,5.378886],[-0.497954,5.379081],[-0.497758,5.379194],[-0.49753,5.379255],[-0.497277,5.37937],[-0.497027,5.37953],[-0.496969,5.379681],[-0.49696,5.379841],[-0.49696,5.380117],[-0.496971,5.380219],[-0.496996,5.380368],[-0.496973,5.380564],[-0.496849,5.380839],[-0.496734,5.381093],[-0.496563,5.38131],[-0.496301,5.381553],[-0.496131,5.381646],[-0.495834,5.38182],[-0.49566,5.381842],[-0.495558,5.3819],[-0.495479,5.382073],[-0.49541,5.382222],[-0.495206,5.382453],[-0.49492,5.382638],[-0.494485,5.382753],[-0.494325,5.382902],[-0.493926,5.3831],[-0.493776,5.38314],[-0.493626,5.38318],[-0.493307,5.383309],[-0.492988,5.383436],[-0.492633,5.383518],[-0.49238,5.383598],[-0.492105,5.3836],[-0.491808,5.383636],[-0.491601,5.383694],[-0.491466,5.38398],[-0.49126,5.384201],[-0.490952,5.384498],[-0.490621,5.384696],[-0.490324,5.384801],[-0.489969,5.384916],[-0.489716,5.38501],[-0.489568,5.385101],[-0.489306,5.385158],[-0.48894,5.385161],[-0.488687,5.385334],[-0.488563,5.385508],[-0.488431,5.385668],[-0.488398,5.385794],[-0.488478,5.385875],[-0.488673,5.385966],[-0.488764,5.386048],[-0.488785,5.38623],[-0.488661,5.386864],[-0.48873,5.387024],[-0.489049,5.387405],[-0.489323,5.387612],[-0.489519,5.387794],[-0.4897,5.388059],[-0.489815,5.388255],[-0.489799,5.388382],[-0.489782,5.388508],[-0.489628,5.388693],[-0.489479,5.388853],[-0.489185,5.389244],[-0.488807,5.389729],[-0.488499,5.39004],[-0.488158,5.390384],[-0.487882,5.390605],[-0.487519,5.390916],[-0.487255,5.391282],[-0.487177,5.391547],[-0.487202,5.39195],[-0.487123,5.392247],[-0.487044,5.392545],[-0.48686,5.392809],[-0.486279,5.393305],[-0.485982,5.393583],[-0.485662,5.39387],[-0.485561,5.393963],[-0.485263,5.394239],[-0.484919,5.394354],[-0.484575,5.39447],[-0.484519,5.39458],[-0.484462,5.39469],[-0.484487,5.394872],[-0.484454,5.395206],[-0.484239,5.395793],[-0.484068,5.396148],[-0.483919,5.396482],[-0.483875,5.396802],[-0.483635,5.397193],[-0.483327,5.397504],[-0.482985,5.397735],[-0.482746,5.397978],[-0.482702,5.398218],[-0.482651,5.398368],[-0.4826,5.398518],[-0.482418,5.398873],[-0.482396,5.399091],[-0.482453,5.39932],[-0.482373,5.3997],[-0.482205,5.400125],[-0.482136,5.400458],[-0.482138,5.400745],[-0.482174,5.400996],[-0.482174,5.40117],[-0.481945,5.401387],[-0.481568,5.401608],[-0.48118,5.40185],[-0.480745,5.402103],[-0.480107,5.402486],[-0.479763,5.40275],[-0.479364,5.403014],[-0.479014,5.4032],[-0.476325,5.404438],[-0.47383,5.406605]]}},{"type":"Feature","properties":{"district_id":"GH-CEN-GOMOA_2","district_name":"Gomoa East","region":"Central"},"geometry":{"type":"LineString","coordinates":[[-0.47383,5.406605],[-0.465624,5.412778],[-0.464413,5.41551],[-0.464515,5.416979],[-0.46439,5.417185],[-0.464321,5.417287],[-0.464172,5.417323],[-0.463908,5.417416],[-0.463704,5.417659],[-0.463556,5.417899],[-0.463327,5.418014],[-0.463088,5.418188],[-0.462968,5.418332],[-0.462848,5.418477],[-0.462826,5.418717],[-0.462963,5.418819],[-0.463252,5.418949],[-0.463321,5.419087],[-0.463296,5.419373],[-0.463136,5.419569],[-0.463084,5.419683],[-0.46362,5.421065],[-0.464002,5.422263],[-0.46403,5.422349],[-0.464044,5.422533],[-0.464124,5.422589],[-0.464283,5.422589],[-0.46458,5.422658],[-0.464743,5.422724],[-0.465039,5.422895],[-0.465339,5.423113],[-0.465534,5.423273],[-0.465718,5.423502],[-0.465913,5.423742],[-0.466087,5.423925],[-0.466351,5.424143],[-0.466614,5.424405],[-0.466823,5.424703],[-0.46695,5.424827],[-0.467054,5.425045],[-0.467065,5.425298],[-0.467078,5.425538],[-0.466976,5.425839],[-0.466852,5.426238],[-0.46683,5.426619],[-0.466717,5.426927],[-0.466546,5.427272],[-0.466411,5.427536],[-0.466262,5.427837],[-0.466193,5.427985],[-0.466124,5.428134],[-0.465887,5.428583],[-0.465648,5.428884],[-0.465237,5.429366],[-0.464835,5.429644],[-0.464436,5.430079],[-0.463855,5.430437],[-0.463478,5.430726],[-0.463101,5.431073],[-0.462804,5.431384],[-0.462223,5.431877],[-0.46173,5.43234],[-0.461171,5.432905],[-0.460852,5.433147],[-0.459927,5.43394],[-0.459618,5.434194],[-0.459024,5.434598],[-0.458259,5.435039],[-0.457642,5.435372],[-0.457254,5.435592],[-0.45691,5.435812],[-0.456695,5.436052],[-0.456467,5.43633],[-0.455985,5.436561],[-0.455706,5.436693],[-0.455426,5.436825],[-0.45467,5.437186],[-0.454111,5.437475],[-0.453654,5.437706],[-0.453002,5.437973],[-0.452702,5.438135],[-0.452102,5.438402],[-0.451904,5.438468],[-0.451309,5.438608],[-0.450828,5.438828],[-0.450165,5.439164],[-0.449548,5.439522],[-0.449149,5.4398],[-0.448439,5.440078],[-0.448062,5.440135],[-0.447729,5.440377],[-0.447261,5.440837],[-0.446749,5.441242],[-0.446006,5.4416],[-0.445387,5.44182],[-0.444941,5.442065],[-0.44444,5.442409],[-0.443969,5.442698],[-0.443479,5.442951],[-0.442885,5.443116],[-0.42058,5.452011],[-0.419464,5.453815],[-0.414246,5.456985],[-0.410117,5.461222],[-0.409963,5.46139],[-0.409643,5.461883],[-0.40953,5.462206],[-0.409246,5.462724],[-0.408583,5.463357],[-0.408368,5.463632],[-0.408092,5.463988],[-0.407864,5.464277],[-0.40758,5.464574],[-0.407272,5.464922],[-0.406963,5.465153],[-0.406815,5.465279],[-0.406586,5.465312],[-0.406413,5.465395],[-0.406369,5.465693],[-0.406611,5.468658],[-0.40652,5.468813],[-0.406142,5.469306],[-0.40588,5.469734],[-0.40563,5.469998],[-0.40539,5.470447]]}},{"type":"Feature","properties":{"district_id":"GH-GRE-WEIJA","district_name":"Weija Gbawe","region":"Greater Accra"},"geometry":{"type":"LineString","coordinates":[[-0.40539,5.470447],[-0.399078,5.474835],[-0.389367,5.478675],[-0.380015,5.485915],[-0.371634,5.488944],[-0.367048,5.49363],[-0.358405,5.49764],[-0.352542,5.497943],[-0.344516,5.501954],[-0.337417,5.503492],[-0.323221,5.506877],[-0.306863,5.511186],[-0.29174,5.514879],[-0.281555,5.516721],[-0.272296,5.518874]]}},{"type":"Feature","properties":{"district_id":"GH-GRE-ABLEK_3","district_name":"Ablekuma West","region":"Greater Accra"},"geometry":{"type":"LineString","coordinates":[[-0.272296,5.518874],[-0.270583,5.519303],[-0.270159,5.519472],[-0.266702,5.520148],[-0.263733,5.520739],[-0.25824,5.521922],[-0.254952,5.522661],[-0.253934,5.523021],[-0.253446,5.523106],[-0.251772,5.523409],[-0.251156,5.523421],[-0.250328,5.523703],[-0.249968,5.523717],[-0.248972,5.523886],[-0.247254,5.523969],[-0.246511,5.524223],[-0.245536,5.524413],[-0.24389,5.524715],[-0.242863,5.524898],[-0.24117,5.52523],[-0.240424,5.525299],[-0.239046,5.525573],[-0.237074,5.525953],[-0.236204,5.526101],[-0.235483,5.526078],[-0.234129,5.526467],[-0.233256,5.526564],[-0.232895,5.527031],[-0.232577,5.527137],[-0.232047,5.527136],[-0.230562,5.527729],[-0.229247,5.528089],[-0.226892,5.528617],[-0.226023,5.529062],[-0.224664,5.529414],[-0.222778,5.529716],[-0.222509,5.52961],[-0.222375,5.529631],[-0.222396,5.529758],[-0.222231,5.529956],[-0.221887,5.530012],[-0.221297,5.529783],[-0.22106,5.52982],[-0.220932,5.530032],[-0.220741,5.530436],[-0.219426,5.530774]]}},{"type":"Feature","properties":{"district_id":"GH-GRE-ACCRA","district_name":"Accra","region":"Greater Accra"},"geometry":{"type":"LineString","coordinates":[[-0.219426,5.530774],[-0.21754,5.531355],[-0.216647,5.531514],[-0.215743,5.531468],[-0.215173,5.531567],[-0.214633,5.53166],[-0.214145,5.531914],[-0.21336,5.531998],[-0.21266,5.532231],[-0.211918,5.532549],[-0.211154,5.53276],[-0.209776,5.53261],[-0.209267,5.53263],[-0.20844,5.532799],[-0.207613,5.53318],[-0.207591,5.533329],[-0.207967,5.533258],[-0.208355,5.533075],[-0.208821,5.533097],[-0.209012,5.533289],[-0.209266,5.533331],[-0.209478,5.533502],[-0.209689,5.534245],[-0.209625,5.534543],[-0.20937,5.535031],[-0.209369,5.535881],[-0.20905,5.536114],[-0.208987,5.536284],[-0.209029,5.536624],[-0.209033,5.53701],[-0.208837,5.537346],[-0.20803,5.537982],[-0.206862,5.539192],[-0.206232,5.539448],[-0.205717,5.539594],[-0.205589,5.539955],[-0.205567,5.540529],[-0.205164,5.540868],[-0.204932,5.541043],[-0.204464,5.541186],[-0.203233,5.541652],[-0.202498,5.542036],[-0.20196,5.542202],[-0.201409,5.542393],[-0.200551,5.542451],[-0.198948,5.542942],[-0.197846,5.543153],[-0.196764,5.543279],[-0.195555,5.543831]]}},{"type":"Feature","properties":{"district_id":"GH-GRE-KORLE","district_name":"Korle-Klottey","region":"Greater Accra"},"geometry":{"type":"LineString","coordinates":[[-0.195555,5.543831],[-0.195003,5.543999],[-0.192872,5.544243],[-0.191355,5.544695],[-0.189171,5.544989],[-0.186286,5.545644],[-0.184293,5.545875],[-0.183487,5.545959],[-0.182945,5.546249],[-0.182702,5.546319],[-0.182553,5.546552],[-0.182468,5.54685],[-0.182149,5.547104],[-0.181908,5.54734],[-0.181704,5.547401],[-0.181513,5.547486],[-0.181555,5.547847],[-0.181304,5.548088],[-0.180282,5.548398],[-0.179575,5.54855],[-0.17903,5.548714],[-0.177885,5.548925],[-0.176909,5.549328],[-0.176252,5.549369],[-0.175756,5.549357],[-0.175665,5.549555],[-0.174095,5.549815]]}},{"type":"Feature","properties":{"district_id":"GH-GRE-LA_DA","district_name":"La-Dade-Kotopon","region":"Greater Accra"},"geometry":{"type":"LineString","coordinates":[[-0.174095,5.549815],[-0.173579,5.550067],[-0.171854,5.550338],[-0.169634,5.550996],[-0.167598,5.551375],[-0.167533,5.551843],[-0.167172,5.552118],[-0.166748,5.552054],[-0.166563,5.551775],[-0.16641,5.55182],[-0.166205,5.551972],[-0.165858,5.552074],[-0.165688,5.551966],[-0.165196,5.55211],[-0.164064,5.552443],[-0.163525,5.552602],[-0.163538,5.552896],[-0.1631,5.553026],[-0.162553,5.552975],[-0.162167,5.553089],[-0.16223,5.553386],[-0.162193,5.553596],[-0.161551,5.553789],[-0.159981,5.554509],[-0.159833,5.554832],[-0.159641,5.554891],[-0.159514,5.555061],[-0.159217,5.555251],[-0.158856,5.555251],[-0.158368,5.555356],[-0.158093,5.555229],[-0.157605,5.555525],[-0.157308,5.555525],[-0.156687,5.55598],[-0.155822,5.556245],[-0.155038,5.556435],[-0.15455,5.556689],[-0.154041,5.556646],[-0.153521,5.557129],[-0.153298,5.557198],[-0.153101,5.557412],[-0.151537,5.557896],[-0.151176,5.558066],[-0.150942,5.558405],[-0.150178,5.558594],[-0.148482,5.559124],[-0.147654,5.559569],[-0.146557,5.559755],[-0.145936,5.559949],[-0.143963,5.560435],[-0.1413,5.561167],[-0.14006,5.56147],[-0.138569,5.561919],[-0.137494,5.562252],[-0.137042,5.562489],[-0.136645,5.562612],[-0.13603,5.562739],[-0.135339,5.562853],[-0.133866,5.563309]]}},{"type":"Feature","properties":{"district_id":"GH-GRE-LEDZO","district_name":"Ledzokuku","region":"Greater Accra"},"geometry":{"type":"LineString","coordinates":[[-0.133866,5.563309],[-0.131802,5.563783],[-0.130969,5.563928],[-0.129874,5.564131],[-0.129261,5.564189],[-0.128604,5.564334],[-0.128243,5.564378],[-0.127895,5.564476],[-0.12726,5.564654],[-0.126913,5.564754],[-0.126544,5.564858],[-0.126267,5.564901],[-0.126004,5.565047],[-0.125566,5.56509],[-0.124996,5.565368],[-0.124704,5.565411],[-0.124456,5.565542],[-0.124189,5.565572],[-0.123886,5.565658],[-0.123463,5.565672],[-0.123127,5.565687],[-0.122762,5.565935],[-0.122192,5.566475],[-0.122067,5.5665],[-0.121315,5.566956],[-0.120219,5.567379],[-0.119167,5.568006],[-0.118291,5.568283],[-0.117692,5.568531],[-0.117005,5.568808],[-0.116742,5.5691],[-0.116647,5.569158],[-0.116421,5.569275],[-0.116201,5.569303],[-0.116056,5.569377],[-0.11569,5.569771],[-0.11534,5.569858],[-0.114726,5.57034],[-0.114448,5.570457],[-0.114244,5.570515],[-0.113893,5.570558],[-0.113265,5.570616],[-0.112579,5.571054],[-0.11217,5.571228],[-0.111469,5.571344],[-0.110286,5.571372],[-0.10903,5.571736],[-0.108475,5.571998],[-0.107847,5.572143],[-0.107306,5.572757],[-0.106502,5.573107],[-0.106035,5.573369],[-0.105523,5.573705],[-0.104252,5.574303],[-0.102873,5.574788],[-0.102251,5.574943],[-0.101242,5.575951],[-0.10092,5.576638],[-0.100761,5.57705],[-0.100393,5.577354],[-0.099984,5.577485],[-0.099502,5.577865],[-0.098873,5.578536],[-0.097967,5.579091],[-0.097047,5.579514],[-0.096638,5.579776],[-0.096053,5.579995],[-0.095732,5.580228],[-0.095512,5.580477]]}},{"type":"Feature","properties":{"district_id":"GH-GRE-KROWO","district_name":"Krowor","region":"Greater Accra"},"geometry":{"type":"LineString","coordinates":[[-0.095512,5.580477],[-0.095512,5.580608],[-0.095687,5.580682],[-0.095979,5.580638],[-0.096125,5.580814],[-0.095979,5.581092],[-0.095817,5.581603],[-0.095451,5.582217],[-0.094487,5.582918],[-0.093858,5.583297],[-0.093376,5.583545],[-0.092544,5.583793],[-0.092018,5.583879],[-0.090688,5.584521],[-0.089359,5.584885],[-0.089001,5.585044],[-0.088673,5.585205],[-0.087913,5.58538],[-0.087504,5.585628],[-0.087081,5.585656],[-0.08642,5.585512],[-0.086249,5.585567],[-0.085869,5.585567],[-0.085518,5.585844],[-0.085226,5.585887],[-0.085041,5.585989],[-0.084817,5.586062],[-0.084514,5.586043],[-0.084408,5.586076],[-0.084277,5.586252],[-0.084043,5.586383],[-0.083167,5.586396],[-0.08253,5.58637],[-0.081969,5.586526],[-0.081531,5.586774],[-0.081005,5.587124],[-0.080563,5.587495],[-0.080274,5.587591],[-0.079296,5.587633],[-0.078449,5.5881],[-0.077952,5.588275],[-0.077017,5.588727],[-0.076651,5.58899],[-0.073569,5.590038],[-0.073174,5.590739],[-0.073144,5.590988],[-0.072516,5.591674],[-0.072267,5.591893],[-0.071873,5.592054],[-0.071566,5.592287],[-0.07139,5.592828],[-0.071155,5.59315],[-0.070892,5.593398],[-0.070716,5.593983],[-0.070511,5.59448],[-0.070159,5.595254],[-0.069691,5.595691],[-0.069224,5.59597],[-0.068537,5.596714],[-0.068229,5.597036],[-0.067762,5.597196],[-0.066695,5.597823],[-0.065629,5.598377],[-0.065249,5.598421],[-0.064884,5.598113],[-0.064519,5.598185],[-0.063832,5.598901],[-0.063467,5.598915],[-0.063044,5.598739],[-0.062679,5.598928],[-0.062459,5.599206],[-0.062269,5.599732],[-0.06224,5.600276],[-0.061697,5.600828],[-0.061551,5.601179],[-0.061594,5.601443],[-0.061637,5.601955],[-0.060876,5.603284],[-0.060627,5.603811],[-0.060595,5.6052],[-0.060054,5.605901],[-0.059924,5.606371],[-0.059571,5.606924],[-0.058695,5.607011],[-0.058366,5.607049],[-0.058198,5.607171],[-0.057834,5.607684],[-0.057408,5.608033],[-0.055072,5.608248]]}},{"type":"Feature","properties":{"district_id":"GH-GRE-TEMA_","district_name":"Tema West","region":"Greater Accra"},"geometry":{"type":"LineString","coordinates":[[-0.055072,5.608248],[-0.054051,5.60772],[-0.053788,5.607676],[-0.052635,5.607862],[-0.052225,5.608068],[-0.051742,5.608652],[-0.051523,5.60874],[-0.051334,5.60871],[-0.050457,5.608753],[-0.050005,5.608942],[-0.049069,5.609555],[-0.048061,5.610021],[-0.047163,5.610247],[-0.045278,5.610902]]}},{"type":"Feature","properties":{"district_id":"GH-GRE-TEMA","district_name":"Tema","region":"Greater Accra"},"geometry":{"type":"LineString","coordinates":[[-0.045278,5.610902],[-0.042627,5.611628],[-0.040375,5.611956],[-0.037261,5.612548],[-0.033749,5.61314],[-0.029974,5.6132],[-0.026727,5.613725],[-0.025485,5.614089],[-0.024606,5.614346],[-0.024474,5.614385],[-0.023812,5.614817],[-0.023016,5.614847],[-0.02196,5.615381],[-0.021028,5.615441],[-0.018894,5.616242],[-0.016626,5.616897],[-0.015529,5.617335],[-0.014797,5.617846],[-0.01421,5.618944],[-0.012599,5.62026],[-0.007624,5.621936],[-0.005577,5.622079],[-0.003747,5.623029],[-0.002455,5.623291],[0.000131,5.624634],[0.004152,5.624407],[0.006056,5.626308],[0.010643,5.631699],[0.017231,5.642319],[0.021023,5.643578],[0.022831,5.643933],[0.023931,5.644514],[0.025026,5.644515],[0.02609,5.645263],[0.027221,5.645317],[0.027955,5.646927],[0.027961,5.650297],[0.028109,5.651542],[0.02994,5.65315],[0.031595,5.653961],[0.031948,5.654153],[0.03235,5.654746],[0.032284,5.655488],[0.032529,5.65643]]}},{"type":"Feature","properties":{"district_id":"GH-GRE-KPONE","district_name":"Kpone-Katamanso","region":"Greater Accra"},"geometry":{"type":"LineString","coordinates":[[0.032529,5.65643],[0.03346,5.657568],[0.033861,5.657968],[0.034999,5.658207],[0.036105,5.658751],[0.036969,5.659244],[0.038318,5.660031],[0.038862,5.660142],[0.038932,5.660522],[0.042788,5.663031],[0.043486,5.663454],[0.043051,5.665579],[0.043273,5.666751],[0.044212,5.669626],[0.044057,5.670429],[0.044023,5.67076],[0.043821,5.670846],[0.043501,5.670761],[0.04317,5.670831],[0.042967,5.671012],[0.043015,5.671651],[0.04462,5.673628],[0.045163,5.675115],[0.046313,5.67606],[0.047057,5.676668],[0.049692,5.677948],[0.052058,5.679364],[0.054221,5.680442],[0.056113,5.681521],[0.057195,5.682263],[0.058819,5.684019],[0.061117,5.685232],[0.061389,5.686178],[0.062636,5.687621],[0.063653,5.688514],[0.064838,5.689554],[0.067276,5.693092]]}},{"type":"Feature","properties":{"district_id":"GH-GRE-NINGO","district_name":"Ningo-Prampram","region":"Greater Accra"},"geometry":{"type":"LineString","coordinates":[[0.067276,5.693092],[0.068683,5.693128],[0.068774,5.693196],[0.068878,5.693279],[0.069027,5.69337],[0.06922,5.693521],[0.069427,5.693727],[0.069496,5.693796],[0.069633,5.693887],[0.069782,5.693969],[0.069895,5.694038],[0.069955,5.694089],[0.070124,5.694189],[0.070308,5.694257],[0.070432,5.694337],[0.07065,5.694419],[0.070892,5.694499],[0.071132,5.694556],[0.071291,5.694628],[0.071897,5.694869],[0.072093,5.694927],[0.072401,5.694987],[0.072665,5.695044],[0.07285,5.695102],[0.073089,5.69517],[0.073274,5.695253],[0.073477,5.695321],[0.073742,5.695392],[0.074039,5.695461],[0.074452,5.695543],[0.074796,5.695614],[0.075093,5.695671],[0.075311,5.69575],[0.075517,5.695822],[0.075837,5.695901],[0.076148,5.695983],[0.076456,5.696054],[0.076869,5.696158],[0.077156,5.696227],[0.077464,5.696309],[0.077692,5.696402],[0.077899,5.696493],[0.078323,5.696665],[0.078436,5.696737],[0.078632,5.696794],[0.078896,5.696852],[0.079537,5.696911],[0.079903,5.696968],[0.080154,5.697029],[0.080487,5.697108],[0.080715,5.697168],[0.081002,5.697259],[0.081186,5.69733],[0.081404,5.697398],[0.081607,5.697481],[0.081814,5.697538],[0.082067,5.697618],[0.082742,5.697677],[0.08343,5.697736],[0.08382,5.697796],[0.084118,5.697854],[0.084531,5.697883],[0.084943,5.697913],[0.085299,5.697984],[0.085571,5.698066],[0.085813,5.698156],[0.086086,5.69825],[0.086372,5.698307],[0.086832,5.698367],[0.087426,5.698437],[0.087713,5.698495],[0.088274,5.698554],[0.090694,5.698872],[0.090991,5.698929],[0.091781,5.698989],[0.092078,5.699049],[0.092422,5.699106],[0.092629,5.699163],[0.092868,5.699235],[0.093201,5.699303],[0.093463,5.69936],[0.093774,5.699453],[0.093945,5.699511],[0.094289,5.699582],[0.094608,5.699653],[0.09501,5.699721],[0.095539,5.699792],[0.095927,5.699863],[0.096213,5.699931],[0.096464,5.700002],[0.096728,5.700071],[0.097094,5.700131],[0.097405,5.700199],[0.097587,5.700257],[0.097862,5.700314],[0.098069,5.700385],[0.098319,5.700465],[0.09871,5.700569],[0.099305,5.700628],[0.099547,5.700699],[0.099935,5.700757],[0.10029,5.700828],[0.100736,5.700885],[0.101333,5.700955],[0.101573,5.701037],[0.10171,5.701106],[0.101859,5.701164],[0.102055,5.701235],[0.104311,5.701297],[0.106373,5.701844],[0.107334,5.701903],[0.107415,5.701932],[0.107496,5.70196],[0.107609,5.702018],[0.107689,5.702076],[0.107874,5.702202],[0.108009,5.702271],[0.108158,5.702353],[0.108611,5.70255],[0.111032,5.703307],[0.111134,5.703348],[0.111272,5.703442],[0.111776,5.703523],[0.112018,5.703581],[0.112235,5.703638],[0.112579,5.703709],[0.112819,5.703789],[0.11299,5.703857],[0.113081,5.703915],[0.113254,5.703973],[0.113505,5.704088],[0.113665,5.704192],[0.113893,5.704308],[0.114215,5.704368],[0.114513,5.704425],[0.114821,5.704482],[0.114994,5.704554],[0.115223,5.704644],[0.115487,5.704748],[0.115807,5.704863],[0.116013,5.704935],[0.116242,5.705039],[0.116402,5.705119],[0.116652,5.705234],[0.116895,5.705316],[0.117087,5.705385],[0.117283,5.705442],[0.117627,5.705513],[0.118257,5.705573],[0.118612,5.70563],[0.118978,5.705687],[0.119402,5.705747],[0.119678,5.705804],[0.120203,5.705864],[0.120902,5.705934],[0.121395,5.705994],[0.121761,5.706076],[0.122072,5.70618],[0.122359,5.706259],[0.122551,5.706317],[0.122849,5.706388],[0.123135,5.706481],[0.123366,5.706538],[0.123606,5.706596],[0.123834,5.706653],[0.124074,5.706735],[0.124281,5.706815],[0.124465,5.706886],[0.124658,5.707002],[0.124785,5.70707],[0.125002,5.707164],[0.125187,5.707232],[0.125415,5.707301],[0.125746,5.707405],[0.125872,5.707462],[0.12593,5.70752],[0.125985,5.707589],[0.126065,5.707669],[0.126159,5.707784],[0.126239,5.707878],[0.126319,5.707969],[0.12649,5.708015],[0.126707,5.708073],[0.126809,5.708224],[0.1269,5.708304],[0.127038,5.708326],[0.127291,5.708386],[0.12736,5.708444],[0.1276,5.708672],[0.127887,5.708812],[0.128253,5.708974],[0.128688,5.709136],[0.128983,5.709444],[0.129705,5.710079],[0.129978,5.710525],[0.130034,5.710619],[0.130125,5.71072],[0.130205,5.710883],[0.130296,5.711032],[0.130365,5.711111],[0.130423,5.711216],[0.130492,5.711343],[0.130547,5.711502],[0.130627,5.711687],[0.130697,5.711871],[0.130788,5.7121],[0.130854,5.712307],[0.130934,5.712513],[0.131015,5.712731],[0.13107,5.712915],[0.131128,5.7131],[0.131217,5.713386],[0.131275,5.713662],[0.131331,5.714086],[0.131387,5.714326],[0.131503,5.714522],[0.131558,5.71467],[0.131638,5.714808],[0.131762,5.714992],[0.131831,5.715108],[0.1319,5.715235],[0.131958,5.715405],[0.132014,5.715521],[0.132072,5.71567],[0.132152,5.715785],[0.132254,5.715879],[0.132367,5.715959],[0.132482,5.716016],[0.13262,5.716096],[0.132689,5.716179],[0.132791,5.716302],[0.132849,5.716418],[0.13294,5.716614],[0.133007,5.716773],[0.133134,5.716958],[0.133247,5.71712],[0.133327,5.7172],[0.133487,5.717406],[0.133614,5.717533],[0.133807,5.717706],[0.133864,5.717764],[0.134126,5.717948],[0.134286,5.718028],[0.134435,5.718121],[0.134562,5.71819],[0.13471,5.718283],[0.13487,5.718421],[0.13495,5.718489],[0.135008,5.718638],[0.135317,5.718996],[0.135452,5.719111],[0.13559,5.719238],[0.135602,5.719536],[0.135919,5.720053],[0.136675,5.720892],[0.136755,5.72095],[0.137634,5.721489],[0.137923,5.721698],[0.138309,5.721975],[0.139445,5.722374],[0.139614,5.722449],[0.13973,5.722518],[0.13989,5.722609],[0.139947,5.722667],[0.140038,5.722771],[0.140129,5.722862],[0.140232,5.722988],[0.140359,5.723209],[0.140414,5.723278],[0.140563,5.723437],[0.140654,5.723495],[0.140802,5.723632],[0.140918,5.72369],[0.141056,5.723772],[0.141295,5.723852],[0.141535,5.723912],[0.141821,5.72398],[0.142361,5.72404],[0.14268,5.724108],[0.142829,5.72418],[0.143002,5.724248],[0.143195,5.724328],[0.143471,5.724432],[0.14371,5.724572],[0.143928,5.72472],[0.144066,5.724836],[0.144237,5.72494],[0.144443,5.725056],[0.144592,5.725113],[0.144683,5.725171],[0.144911,5.725239],[0.145371,5.725299],[0.145657,5.725356],[0.145864,5.725436],[0.146035,5.725529],[0.14615,5.725587],[0.14631,5.72568],[0.146412,5.72576],[0.146528,5.725818],[0.146732,5.725911],[0.146963,5.726002],[0.147167,5.726117],[0.147305,5.726301],[0.147385,5.72637],[0.147512,5.726508],[0.147647,5.726565],[0.148015,5.726636],[0.148233,5.726705],[0.148382,5.726787],[0.148564,5.726856],[0.149241,5.726915],[0.149422,5.726972],[0.150042,5.727318],[0.150397,5.727378],[0.15067,5.727436],[0.150819,5.727493],[0.150956,5.727551],[0.151036,5.727609],[0.15121,5.727702],[0.15154,5.727759],[0.151906,5.727816],[0.15233,5.727876],[0.152801,5.727936],[0.153109,5.728004],[0.153453,5.728061],[0.153729,5.728143],[0.153935,5.728212],[0.154136,5.728242],[0.155551,5.728391],[0.155677,5.728448],[0.155757,5.728517],[0.155824,5.728586],[0.155893,5.728655],[0.156077,5.728781],[0.15619,5.728861],[0.15698,5.728945],[0.157107,5.729071],[0.158068,5.729554],[0.158377,5.729727],[0.158457,5.729785],[0.158573,5.729856],[0.158641,5.729911],[0.158834,5.729972],[0.158994,5.73004],[0.159167,5.730109],[0.159385,5.730213],[0.159545,5.730307],[0.159727,5.730397],[0.159911,5.730466],[0.160118,5.730526],[0.160324,5.730583],[0.160459,5.730641],[0.160633,5.730709],[0.160814,5.730778],[0.161021,5.730849],[0.161307,5.730929],[0.161547,5.730989],[0.161764,5.731057],[0.161938,5.731115],[0.16212,5.731183],[0.162246,5.731255],[0.162395,5.731323],[0.16258,5.731381],[0.16283,5.731438],[0.163138,5.731495],[0.163587,5.731613],[0.163667,5.731671],[0.163791,5.731751],[0.163871,5.731808],[0.164009,5.731924],[0.164125,5.731992],[0.164227,5.732072],[0.164375,5.732177],[0.164488,5.73227],[0.164662,5.732419],[0.164822,5.732545],[0.164993,5.732729],[0.165051,5.732787],[0.165131,5.732867],[0.165222,5.732936],[0.165335,5.733051],[0.165426,5.733156],[0.16561,5.733304],[0.165701,5.733373],[0.166068,5.733708],[0.166192,5.733788],[0.166352,5.733937],[0.166526,5.734052],[0.166685,5.734134],[0.166936,5.734203],[0.167165,5.734285],[0.167429,5.734389],[0.167589,5.734458],[0.167773,5.734537],[0.167897,5.734642],[0.168024,5.734722],[0.168184,5.734859],[0.168344,5.734974],[0.168471,5.735079],[0.168619,5.735148],[0.168812,5.735205],[0.169662,5.735267],[0.16988,5.735324],[0.170166,5.735381],[0.170315,5.73545],[0.170417,5.735521],[0.170544,5.735623],[0.170679,5.735692],[0.170783,5.73575],[0.171378,5.736052],[0.171561,5.736291],[0.171619,5.736374],[0.171699,5.736453],[0.171767,5.736533],[0.171834,5.736602],[0.171903,5.736695],[0.171971,5.736764],[0.172143,5.736913],[0.172236,5.73697],[0.172371,5.737097],[0.172487,5.737201],[0.172636,5.73735],[0.172796,5.737534],[0.172909,5.737628],[0.173011,5.737719],[0.173149,5.737845],[0.17324,5.73795],[0.173309,5.738029],[0.173389,5.738098],[0.173491,5.738189],[0.17356,5.73826],[0.173653,5.738329],[0.173777,5.738409],[0.173948,5.738488],[0.17443,5.738548],[0.17498,5.738608],[0.175393,5.738665],[0.175644,5.738725],[0.175806,5.738782],[0.175988,5.73884],[0.176115,5.738897],[0.176641,5.739037],[0.176869,5.739221],[0.176996,5.73929],[0.177189,5.739405],[0.177294,5.739463],[0.177465,5.739531],[0.177671,5.739589],[0.178954,5.739663],[0.179171,5.739721],[0.179389,5.739778],[0.180787,5.739836],[0.181257,5.739896],[0.182402,5.739926],[0.182631,5.739984],[0.182815,5.740044],[0.182917,5.740204],[0.182824,5.740411],[0.182629,5.740408],[0.182467,5.740557],[0.182151,5.741633],[0.183481,5.742483],[0.183613,5.742586],[0.183668,5.742655],[0.183795,5.742724],[0.183886,5.742795],[0.183991,5.742875],[0.184071,5.742933],[0.184172,5.742988],[0.184288,5.743045],[0.184426,5.743128],[0.184484,5.743183],[0.184564,5.743241],[0.184655,5.743323],[0.184825,5.743392],[0.18509,5.743449],[0.185343,5.743506],[0.185561,5.743564],[0.185767,5.743621],[0.185938,5.743679],[0.186076,5.743734],[0.186246,5.743791],[0.186695,5.743851],[0.187067,5.743884],[0.187438,5.743918],[0.187851,5.743986],[0.188481,5.744034],[0.189032,5.744033],[0.189698,5.744068],[0.190042,5.744056],[0.190419,5.744022],[0.190773,5.743919],[0.191348,5.743874],[0.191624,5.743885],[0.192551,5.744023],[0.193182,5.744138],[0.19387,5.744274],[0.19436,5.7444],[0.194773,5.744471],[0.195381,5.744494],[0.196011,5.74446],[0.19671,5.744447],[0.19733,5.744435],[0.19788,5.744412],[0.198246,5.744367],[0.1989,5.744264],[0.199473,5.744265],[0.200034,5.7443],[0.200712,5.744436],[0.201524,5.744575],[0.202132,5.74461],[0.202447,5.744592],[0.202762,5.744575],[0.203563,5.744598],[0.204744,5.744678],[0.205214,5.744746],[0.205627,5.744883],[0.205994,5.744987],[0.206327,5.745091],[0.206682,5.745171],[0.207186,5.745183],[0.207689,5.745273],[0.208378,5.745434],[0.208859,5.745549],[0.209443,5.745642],[0.209845,5.745779],[0.210324,5.745904],[0.210784,5.745997],[0.211414,5.745998],[0.212022,5.745997],[0.212732,5.746009],[0.213156,5.746009],[0.213616,5.745928],[0.214061,5.745836],[0.214589,5.745779],[0.21506,5.745814],[0.215633,5.745951],[0.215825,5.746019],[0.216112,5.746146],[0.216514,5.746216],[0.217064,5.746295],[0.217673,5.746297],[0.218234,5.746284],[0.218773,5.746261],[0.219161,5.746365],[0.219539,5.746513],[0.219608,5.746571],[0.220136,5.746743],[0.220525,5.746949],[0.220641,5.747029],[0.220674,5.747123],[0.220776,5.747442],[0.220766,5.747558],[0.220857,5.747764],[0.221328,5.748075],[0.221601,5.748223],[0.221945,5.748258],[0.222303,5.748211],[0.222771,5.748292],[0.22284,5.748372],[0.223137,5.748603],[0.223275,5.748672],[0.223652,5.748787],[0.224049,5.748844],[0.224445,5.748901],[0.225062,5.749048],[0.22559,5.749199],[0.226037,5.74944],[0.226425,5.749726],[0.226494,5.749784],[0.226795,5.750001],[0.226875,5.75007],[0.227194,5.750345],[0.227641,5.750539],[0.228043,5.750701],[0.228525,5.750896],[0.228594,5.750975],[0.228855,5.751091],[0.22912,5.751159],[0.229453,5.751252],[0.229957,5.751482],[0.230356,5.751653],[0.230747,5.751767],[0.230965,5.751974],[0.231307,5.752262],[0.231539,5.752433],[0.231913,5.752788],[0.232787,5.753067],[0.233599,5.753241],[0.234028,5.753342],[0.234307,5.753481],[0.234585,5.75362],[0.235042,5.753721],[0.236003,5.754099],[0.236742,5.75458],[0.237703,5.75501],[0.238689,5.755488],[0.239499,5.755966],[0.240288,5.756727],[0.241071,5.757511],[0.241807,5.758119],[0.242366,5.758322],[0.24262,5.758346],[0.242848,5.758524],[0.243198,5.758524],[0.243451,5.758573],[0.243729,5.758751],[0.243934,5.758977],[0.244363,5.75923],[0.244846,5.75951],[0.245277,5.759901],[0.245709,5.760293],[0.24604,5.760623],[0.246217,5.761028],[0.246397,5.76151],[0.246775,5.762069],[0.247409,5.762803],[0.248068,5.763436],[0.24873,5.763994],[0.249262,5.764423],[0.249618,5.764651],[0.249894,5.76471],[0.250171,5.764768],[0.250296,5.764776],[0.250832,5.764932],[0.251485,5.765542],[0.252097,5.765999],[0.252772,5.766322],[0.256085,5.76736],[0.256621,5.767434],[0.257156,5.767509],[0.258874,5.767855],[0.261487,5.768434],[0.26201,5.768432],[0.262882,5.768563],[0.263447,5.768669],[0.264667,5.769364],[0.265998,5.769843],[0.267088,5.770141],[0.268724,5.770727],[0.268942,5.770836],[0.269159,5.770944],[0.270619,5.771332],[0.271514,5.771636],[0.27234,5.771761],[0.273188,5.771936],[0.274077,5.772306],[0.274967,5.772676],[0.276493,5.773108],[0.279433,5.773774],[0.280694,5.774055],[0.282045,5.774096],[0.283048,5.77435],[0.284615,5.774763],[0.286013,5.774884],[0.287091,5.774815],[0.288068,5.774741],[0.288943,5.774772],[0.289297,5.774857],[0.289651,5.774941],[0.29029,5.775276],[0.290899,5.77541],[0.291436,5.775679],[0.291979,5.775901],[0.292503,5.776018],[0.293028,5.776135],[0.294008,5.776481],[0.294421,5.776524],[0.294812,5.776523],[0.295663,5.776761],[0.297339,5.777019],[0.300238,5.777489],[0.301808,5.777965],[0.303267,5.778312],[0.304159,5.778326],[0.305596,5.778846],[0.30782,5.779358],[0.313857,5.780746],[0.316403,5.781175],[0.319759,5.781818],[0.322176,5.782182],[0.328437,5.782884],[0.33238,5.783477],[0.336188,5.783735],[0.34033,5.783926],[0.343336,5.784187],[0.346477,5.784581],[0.34955,5.784707],[0.351086,5.784971]]}},{"type":"Feature","properties":{"district_id":"GH-GRE-ADA_W","district_name":"Ada West","region":"Greater Accra"},"geometry":{"type":"LineString","coordinates":[[0.351086,5.784971],[0.354623,5.78542],[0.359421,5.785551],[0.364407,5.786002],[0.370673,5.786569],[0.372479,5.786342],[0.377467,5.786755],[0.379149,5.78702],[0.381301,5.786889],[0.390047,5.787195],[0.391797,5.787528],[0.403636,5.78797],[0.409217,5.788158],[0.411641,5.788085],[0.414468,5.788334],[0.420522,5.788737],[0.425492,5.788766],[0.427921,5.78892],[0.434648,5.788971],[0.437539,5.788694],[0.443123,5.789084],[0.450185,5.788864],[0.458279,5.788804]]}},{"type":"Feature","properties":{"district_id":"GH-GRE-ADA_E","district_name":"Ada East","region":"Greater Accra"},"geometry":{"type":"LineString","coordinates":[[0.458279,5.788804],[0.461914,5.788562],[0.463636,5.788223],[0.467737,5.787923],[0.471102,5.787934],[0.471976,5.787797],[0.474069,5.78763],[0.475876,5.787316],[0.479437,5.787056],[0.481865,5.78688],[0.482937,5.786758],[0.488183,5.786542],[0.490201,5.786537],[0.494172,5.786044],[0.495312,5.786254],[0.499884,5.785568],[0.50392,5.785625],[0.506476,5.785551],[0.50856,5.785276],[0.511653,5.784796],[0.513468,5.784589],[0.515352,5.784854],[0.516966,5.784513],[0.519785,5.784132],[0.521335,5.783625],[0.522613,5.783622],[0.525503,5.78294],[0.527795,5.782968],[0.528871,5.782832],[0.530076,5.782389],[0.535725,5.782172],[0.5368,5.781832],[0.541243,5.781563],[0.551326,5.781052],[0.554487,5.780976],[0.557782,5.780562],[0.558925,5.780559],[0.56101,5.780553],[0.56363,5.780092],[0.565784,5.780001],[0.571365,5.77938],[0.575736,5.778963],[0.578492,5.778686],[0.580711,5.778411],[0.585553,5.77806],[0.588578,5.777513],[0.594026,5.77743],[0.595898,5.777151],[0.597992,5.776948],[0.600009,5.776538],[0.604649,5.77639],[0.606858,5.775882],[0.619576,5.774664],[0.623408,5.774114],[0.626367,5.774038],[0.632888,5.773009],[0.633689,5.772977],[0.636519,5.772864],[0.638132,5.772455],[0.640822,5.772245],[0.642974,5.772239],[0.644787,5.771291],[0.64667,5.771218],[0.650837,5.770195],[0.655073,5.770048],[0.657291,5.769368],[0.661258,5.769087],[0.666234,5.768871],[0.670067,5.768523],[0.673343,5.768566],[0.674103,5.768848],[0.675044,5.768643],[0.675851,5.76864],[0.677062,5.768637],[0.677736,5.769174],[0.678813,5.769777],[0.680162,5.770783]]}},{"type":"Feature","properties":{"district_id":"GH-VOL-ANLOG","district_name":"Anloga","region":"Volta"},"geometry":{"type":"LineString","coordinates":[[0.680162,5.770783],[0.681037,5.771185],[0.682449,5.771181],[0.683795,5.771311],[0.685542,5.770902],[0.688161,5.769345],[0.690242,5.768328],[0.691719,5.767448],[0.692575,5.766734],[0.692918,5.766493],[0.693217,5.766288],[0.693516,5.765888],[0.693837,5.765683],[0.694101,5.765591],[0.694354,5.765593],[0.6944,5.765725],[0.694446,5.765857],[0.694271,5.766109],[0.694007,5.766258],[0.693595,5.766554],[0.693294,5.766977],[0.693053,5.767344],[0.692878,5.767824],[0.692601,5.76826],[0.692533,5.768594],[0.692533,5.768806],[0.692532,5.769019],[0.692597,5.769603],[0.692802,5.770098],[0.693133,5.770339],[0.693488,5.770479],[0.693901,5.770447],[0.6946,5.770346],[0.695301,5.77019],[0.69617,5.770066],[0.697042,5.77008],[0.69742,5.770076],[0.697799,5.770072],[0.698772,5.769984],[0.699287,5.769952],[0.699688,5.769953],[0.700319,5.770073],[0.700971,5.770098],[0.701601,5.770055],[0.702278,5.770023],[0.702726,5.769944],[0.703323,5.769785],[0.703779,5.769671],[0.704398,5.769653],[0.704857,5.769665],[0.705441,5.769669],[0.705807,5.769762],[0.706083,5.769967],[0.706356,5.770234],[0.706561,5.770567],[0.706686,5.770791],[0.706812,5.771015],[0.707017,5.771293],[0.707245,5.771386],[0.708208,5.771402],[0.708654,5.77153],[0.709007,5.77175],[0.709099,5.771956],[0.70919,5.772267],[0.709328,5.772314],[0.709488,5.772277],[0.709831,5.772119],[0.710073,5.772121],[0.710531,5.772374],[0.710953,5.772766],[0.711355,5.772793],[0.712064,5.772576],[0.71235,5.772589],[0.712488,5.772657],[0.712626,5.772866],[0.712797,5.772901],[0.713003,5.772857],[0.713234,5.772707],[0.713462,5.77272],[0.713587,5.772973],[0.71376,5.773031],[0.713999,5.773008],[0.714401,5.772965],[0.714676,5.772874],[0.714996,5.773082],[0.715249,5.773095],[0.715512,5.772945],[0.71588,5.772476],[0.71594,5.772258],[0.715892,5.772063],[0.715746,5.771867],[0.715654,5.771592],[0.715656,5.771363],[0.715576,5.771132],[0.715463,5.771006],[0.715245,5.770948],[0.715118,5.770833],[0.714925,5.770533],[0.714696,5.770462],[0.714192,5.770276],[0.713988,5.770114],[0.713861,5.769944],[0.713645,5.769608],[0.713361,5.76924],[0.712881,5.768825],[0.712227,5.768422],[0.711861,5.768269],[0.711437,5.768257],[0.710992,5.768371],[0.710601,5.768358],[0.710293,5.76831],[0.709985,5.768297],[0.709765,5.768399],[0.709552,5.768525],[0.709339,5.768651],[0.709136,5.768627],[0.708802,5.768339],[0.708541,5.768384],[0.708139,5.768462],[0.708048,5.7683],[0.708118,5.767944],[0.708371,5.767728],[0.708714,5.767534],[0.709242,5.767445],[0.709906,5.767586],[0.710765,5.767771],[0.711194,5.767796],[0.711623,5.767821],[0.712746,5.767825],[0.713329,5.767942],[0.713834,5.768186],[0.714404,5.768614],[0.715021,5.768833],[0.715393,5.768964],[0.715779,5.7691],[0.71642,5.769261],[0.717004,5.769243],[0.717554,5.769211],[0.718022,5.769364],[0.718606,5.769676],[0.719201,5.769906],[0.720448,5.770131],[0.721456,5.770249],[0.722362,5.770483],[0.727801,5.770141],[0.733739,5.773007],[0.734087,5.77303],[0.7351,5.773007],[0.73636,5.772891],[0.737162,5.772734],[0.741977,5.772623],[0.744766,5.772245],[0.768632,5.769133],[0.787622,5.770872],[0.81652,5.769637],[0.826525,5.774487],[0.82833,5.774727],[0.828435,5.774655],[0.828702,5.77475],[0.83065,5.774744],[0.831569,5.774896],[0.832219,5.774893],[0.83286,5.775104],[0.834148,5.775193],[0.834396,5.775286],[0.834511,5.775269],[0.8346,5.775357],[0.835367,5.775288],[0.836154,5.7753],[0.83674,5.775416],[0.837896,5.775368],[0.838895,5.77563],[0.840497,5.775682],[0.841122,5.775785],[0.841925,5.775782],[0.842269,5.775858],[0.844729,5.776021],[0.844925,5.776087],[0.846094,5.776022],[0.847085,5.776168],[0.847313,5.77628],[0.847944,5.776377],[0.849837,5.776619],[0.85167,5.776748],[0.851899,5.776786],[0.85199,5.776877],[0.854574,5.777199],[0.856102,5.7775],[0.857106,5.777497],[0.857737,5.777723],[0.858472,5.777724],[0.859046,5.777645],[0.859847,5.777661],[0.860384,5.777891],[0.861188,5.777963],[0.862105,5.778133],[0.862773,5.77817],[0.863175,5.778295],[0.864108,5.778231],[0.864699,5.778279],[0.865619,5.778428],[0.865963,5.778561],[0.866726,5.778719],[0.86814,5.778764],[0.871507,5.779318],[0.872594,5.779556],[0.873876,5.779552],[0.875233,5.779796],[0.876584,5.77991],[0.876997,5.779992],[0.87741,5.780075],[0.879141,5.780188],[0.880433,5.780492],[0.881076,5.780542],[0.881137,5.780603],[0.882458,5.780681],[0.882549,5.780637],[0.885339,5.780933],[0.885741,5.780874],[0.885914,5.780931],[0.885988,5.780854],[0.88683,5.780928],[0.886971,5.780881],[0.888666,5.781055],[0.888779,5.781112],[0.888894,5.781073],[0.889109,5.781144],[0.890229,5.781206],[0.891033,5.781336],[0.892293,5.78137],[0.892357,5.781434],[0.89321,5.781502],[0.895161,5.781821],[0.895962,5.781818],[0.897338,5.781949],[0.898117,5.782114],[0.898945,5.782133],[0.899174,5.78221],[0.89991,5.782257],[0.900646,5.782304],[0.90114,5.782371],[0.903167,5.782646],[0.903277,5.782607],[0.903759,5.782713],[0.904331,5.782749],[0.904656,5.78271],[0.905058,5.782766],[0.907582,5.783331],[0.909377,5.783575],[0.909493,5.783652],[0.909583,5.783619],[0.91213,5.784123],[0.912933,5.784159],[0.913162,5.784254],[0.914654,5.784459],[0.915915,5.784741],[0.91649,5.784797],[0.916796,5.784892],[0.917137,5.784891],[0.917566,5.785033],[0.918651,5.785184],[0.918742,5.785153],[0.918847,5.785271],[0.920234,5.785434],[0.921151,5.78574],[0.922084,5.785932],[0.923236,5.786422],[0.924009,5.786507],[0.924516,5.786687],[0.924785,5.786859],[0.925054,5.78703],[0.926202,5.787426],[0.927236,5.787979],[0.928153,5.788339],[0.928727,5.78872],[0.929818,5.789174],[0.930027,5.789328],[0.930564,5.789497],[0.932631,5.790542],[0.932822,5.790715],[0.933827,5.791131],[0.936032,5.792357],[0.937858,5.793569],[0.938297,5.794008],[0.939389,5.794771],[0.940481,5.795533],[0.940903,5.795953],[0.941209,5.796104],[0.942158,5.796891],[0.942288,5.797084],[0.943234,5.797772],[0.943761,5.798238],[0.94401,5.798621],[0.946615,5.800984],[0.947344,5.801803],[0.948329,5.802394],[0.948917,5.803175],[0.949224,5.803463],[0.949757,5.804202],[0.951135,5.805691],[0.951923,5.806683],[0.952784,5.80749],[0.953477,5.80837],[0.955095,5.809871],[0.956743,5.811568],[0.956972,5.811722],[0.957011,5.811854],[0.959275,5.814067],[0.959916,5.814839]]}},{"type":"Feature","properties":{"district_id":"GH-VOL-KETA_","district_name":"Keta Municipal","region":"Volta"},"geometry":{"type":"LineString","coordinates":[[0.959916,5.814839],[0.962593,5.817268],[0.963754,5.818557],[0.964261,5.819119],[0.965219,5.820014],[0.967751,5.82278],[0.967867,5.822992],[0.968096,5.823162],[0.970478,5.826082],[0.97111,5.826711],[0.973062,5.829215],[0.973357,5.829594],[0.973626,5.830127],[0.975395,5.832397],[0.975492,5.832628],[0.976548,5.834076],[0.977143,5.835091],[0.97912,5.838029],[0.97967,5.838799],[0.980871,5.840481],[0.981226,5.841361],[0.981995,5.842676],[0.984513,5.848084],[0.984803,5.848488],[0.98505,5.849145],[0.985787,5.850661],[0.985862,5.85071],[0.985824,5.850826],[0.986806,5.853115],[0.987099,5.85398],[0.98791,5.856376],[0.988428,5.857509],[0.988704,5.858489],[0.989104,5.860342],[0.989973,5.862676],[0.990251,5.864047],[0.99078,5.865779],[0.991309,5.867512],[0.991284,5.867592],[0.991956,5.870011],[0.992017,5.87108],[0.992475,5.873641],[0.992642,5.874139],[0.993093,5.876427],[0.993284,5.876892],[0.993654,5.878728],[0.993753,5.879549],[0.993789,5.883357],[0.99381,5.883798],[0.993927,5.884348],[0.993963,5.885921],[0.993914,5.88607],[0.993924,5.888137],[0.993774,5.889311],[0.993777,5.890091],[0.993701,5.890243],[0.993751,5.89275],[0.993661,5.893127],[0.993597,5.894373],[0.990213,5.905213],[0.990251,5.906723],[0.990527,5.907642],[0.990528,5.907968],[0.990778,5.908713],[0.990919,5.909708],[0.991033,5.909897],[0.991098,5.910398],[0.99117,5.910453],[0.991647,5.912383],[0.991886,5.913052],[0.991926,5.913396],[0.992224,5.914351],[0.992521,5.915852],[0.99247,5.916169],[0.99252,5.916425],[0.992571,5.916681],[0.992707,5.91714],[0.992859,5.917349],[0.992938,5.917713],[0.992878,5.918633],[0.992953,5.918853],[0.993846,5.920178],[0.993943,5.920409],[0.994076,5.920516],[0.994213,5.921191],[0.994294,5.922405],[0.994863,5.923585],[0.995137,5.924722],[0.995443,5.925085],[0.995569,5.925589],[0.995622,5.926481],[0.996993,5.928421],[0.998032,5.930192],[0.998032,5.930286],[0.998533,5.931031],[0.999103,5.932065],[0.999229,5.932464],[0.99923,5.932783],[1.000594,5.934754],[1.000743,5.935051],[1.000901,5.935397],[1.00104,5.935752],[1.001198,5.936121],[1.001439,5.936602],[1.001667,5.937029],[1.001999,5.937487],[1.002297,5.937947],[1.002571,5.938419],[1.002846,5.938947],[1.003062,5.939338],[1.003416,5.93989],[1.003795,5.940465],[1.004058,5.940902],[1.004216,5.941144],[1.004481,5.941407],[1.004721,5.941685],[1.004948,5.942017],[1.005167,5.942292],[1.005349,5.942545],[1.005488,5.942834],[1.005726,5.943213],[1.005944,5.943466],[1.006242,5.943743],[1.006505,5.944029],[1.006825,5.944386],[1.006986,5.944581],[1.007182,5.9448],[1.007342,5.944927],[1.007491,5.945133],[1.007729,5.945443],[1.007804,5.945627],[1.007879,5.945812],[1.008015,5.946134],[1.008256,5.946502],[1.008474,5.946766],[1.00877,5.947123],[1.008931,5.947445],[1.009091,5.947799],[1.00941,5.948283],[1.009639,5.948685],[1.009869,5.948962],[1.010087,5.949135],[1.010302,5.949388],[1.010601,5.949869],[1.010876,5.950386],[1.011092,5.950779],[1.011274,5.950985],[1.011377,5.95118],[1.011548,5.951466],[1.011653,5.951617],[1.011698,5.951802],[1.011801,5.951983],[1.011841,5.952093],[1.015346,5.957514],[1.015529,5.957951],[1.015723,5.958386],[1.015929,5.958845],[1.016054,5.959181],[1.016135,5.959489],[1.016212,5.95972],[1.016384,5.959962],[1.016729,5.960272],[1.01714,5.960629],[1.01753,5.960997],[1.017884,5.961422],[1.019039,5.963319],[1.022467,5.967521],[1.022598,5.967687],[1.02277,5.967976],[1.023055,5.968322],[1.023251,5.968619],[1.02365,5.969262],[1.023913,5.969655],[1.024142,5.96994],[1.024314,5.970218],[1.024439,5.970471],[1.024658,5.970941],[1.024885,5.971332],[1.025101,5.971827],[1.025155,5.971959],[1.02695,5.974677],[1.028879,5.979411],[1.031369,5.982709]]}},{"type":"Feature","properties":{"district_id":"GH-VOL-KETU__2","district_name":"Ketu South","region":"Volta"},"geometry":{"type":"LineString","coordinates":[[1.031369,5.982709],[1.041686,5.997458],[1.063575,6.026422],[1.081841,6.046516],[1.105098,6.063576],[1.126118,6.077338],[1.156277,6.091583],[1.184507,6.104521],[1.199481,6.112701]]}}]}