{"type":"FeatureCollection", "features": [
{"type":"Feature","geometry":{"type":"Polygon","coordinates":[[[-0.6969166125386437,10.180177983960448],[-0.6996376125412098,10.187154983967048],[-0.729989612569625,10.173874983954647],[-0.7891956126245532,10.158249983940095],[-0.7392086125780679,10.16207098394375],[-0.718557612558925,10.162499983944144],[-0.6969166125386437,10.180177983960448]]]},"properties":{"NAME":"","F_CODE_DES":"Land Subject to Inundation","HYC_DESCRI":"Non-Perennial/Intermittent/Fluctuating"}},
{"type":"Feature","geometry":{"type":"Polygon","coordinates":[[[-0.6148556124621791,10.157028983938972],[-0.6481436124931861,10.184588983964659],[-0.6509316124959241,10.180250983960605],[-0.635003612481114,10.149199983931567],[-0.6148556124621791,10.157028983938972]]]},"properties":{"NAME":"","F_CODE_DES":"Land Subject to Inundation","HYC_DESCRI":"Non-Perennial/Intermittent/Fluctuating"}},
{"type":"Feature","geometry":{"type":"MultiPolygon","coordinates":[[[[0.25709138834986334,10.40536098417033],[0.24803338834135502,10.408328984173068],[0.2478873883412689,10.40548398417036],[0.25709138834986334,10.40536098417033]]],[[[0.30000938838975344,10.39318998415888],[0.2963733883864279,10.399995984165344],[0.29884538838859953,10.391307984157038],[0.30000938838975344,10.39318998415888]]]]},"properties":{"NAME":"","F_CODE_DES":"Land Subject to Inundation","HYC_DESCRI":"Non-Perennial/Intermittent/Fluctuating"}},
{"type":"Feature","geometry":{"type":"Polygon","coordinates":[[[0.16667638826561415,10.434840984197763],[0.12830238822994033,10.44445598420657],[0.13310438823441473,10.426562984190014],[0.18334238828106209,10.411796984176135],[0.1752373882734446,10.416661984180791],[0.17500938827333812,10.416892984181004],[0.1684913882672845,10.424994984188515],[0.16667638826561415,10.429576984192863],[0.16667638826561415,10.434840984197763]]]},"properties":{"NAME":"","F_CODE_DES":"Land Subject to Inundation","HYC_DESCRI":"Non-Perennial/Intermittent/Fluctuating"}},
{"type":"Feature","geometry":{"type":"MultiPolygon","coordinates":[[[[0.2478873883412689,10.40548398417036],[0.24803338834135502,10.408328984173068],[0.232316388326808,10.408328984173068],[0.2478873883412689,10.40548398417036]]],[[[0.19266138828970725,10.396865984162332],[0.20418838830050845,10.399995984165344],[0.189228388286665,10.399995984165344],[0.19266138828970725,10.396865984162332]]]]},"properties":{"NAME":"","F_CODE_DES":"Land Subject to Inundation","HYC_DESCRI":"Non-Perennial/Intermittent/Fluctuating"}},
{"type":"Feature","geometry":{"type":"Polygon","coordinates":[[[0.189228388286665,10.399995984165344],[0.17853338827671905,10.384634984151035],[0.13730638823813024,10.370959984138153],[0.14540338824576793,10.401375984166634],[0.1215303882236185,10.421866984185499],[0.10926938821216936,10.389577984155494],[0.12180838822382611,10.364159984131902],[0.1465333882467803,10.348524984117375],[0.15410438825392703,10.362366984130176],[0.19506538829205056,10.384466984150777],[0.19266138828970725,10.396865984162332],[0.189228388286665,10.399995984165344]]]},"properties":{"NAME":"","F_CODE_DES":"Land Subject to Inundation","HYC_DESCRI":"Non-Perennial/Intermittent/Fluctuating"}},
{"type":"Feature","geometry":{"type":"Polygon","coordinates":[[[0.22500938831990425,10.412310984176656],[0.21898238831431627,10.416661984180791],[0.2125703883082224,10.416661984180791],[0.20834238830434515,10.413247984177588],[0.20418838830050845,10.399995984165344],[0.19266138828970725,10.396865984162332],[0.19506538829205056,10.384466984150777],[0.15410438825392703,10.362366984130176],[0.1465333882467803,10.348524984117375],[0.07775738818281752,10.343665984112704],[0.10724338821023593,10.303117984075016],[0.1314123882327749,10.301021984073031],[0.16122938826060818,10.344028984113038],[0.18547938828305632,10.332732984102677],[0.19175838828891756,10.358993984126982],[0.21393038830956357,10.373885984140998],[0.223024388317981,10.397409984162778],[0.25709138834986334,10.40536098417033],[0.2478873883412689,10.40548398417036],[0.232316388326808,10.408328984173068],[0.22500938831990425,10.412310984176656]]]},"properties":{"NAME":"","F_CODE_DES":"Land Subject to Inundation","HYC_DESCRI":"Non-Perennial/Intermittent/Fluctuating"}},
{"type":"Feature","geometry":null,"properties":{"NAME":"","F_CODE_DES":"Land Subject to Inundation","HYC_DESCRI":"Non-Perennial/Intermittent/Fluctuating"}},
{"type":"Feature","geometry":{"type":"Polygon","coordinates":[[[0.28610738837687677,10.408328984173068],[0.2645933883568432,10.3706099841379],[0.28704338837769683,10.351933984120478],[0.30262338839224867,10.320787984091567],[0.3183233884067249,10.333328984103218],[0.31233938840114206,10.341661984110942],[0.3083423883974774,10.35859098412675],[0.30198038839148467,10.36666298413411],[0.2916763883820295,10.37144398413875],[0.2916763883820295,10.381725984148261],[0.2928753883832087,10.383328984149784],[0.29884538838859953,10.391307984157038],[0.2963733883864279,10.399995984165344],[0.2916763883820295,10.404623984169575],[0.28610738837687677,10.408328984173068]]]},"properties":{"NAME":"","F_CODE_DES":"Land Subject to Inundation","HYC_DESCRI":"Non-Perennial/Intermittent/Fluctuating"}},
{"type":"Feature","geometry":{"type":"Polygon","coordinates":[[[0.2928753883832087,10.383328984149784],[0.30000938838975344,10.383328984149784],[0.30000938838975344,10.39318998415888],[0.29884538838859953,10.391307984157038],[0.2928753883832087,10.383328984149784]]]},"properties":{"NAME":"","F_CODE_DES":"Land Subject to Inundation","HYC_DESCRI":"Non-Perennial/Intermittent/Fluctuating"}},
{"type":"Feature","geometry":{"type":"Polygon","coordinates":[[[0.12180838822382611,10.364159984131902],[0.10405538820714355,10.348610984117386],[0.07029338817574171,10.384189984150453],[0.0542503881608809,10.360141984128177],[0.06865738817418787,10.349344984118034],[0.076991388182023,10.34460498411363],[0.07775738818281752,10.343665984112704],[0.1465333882467803,10.348524984117375],[0.12180838822382611,10.364159984131902]]]},"properties":{"NAME":"","F_CODE_DES":"Land Subject to Inundation","HYC_DESCRI":"Non-Perennial/Intermittent/Fluctuating"}},
{"type":"Feature","geometry":null,"properties":{"NAME":"","F_CODE_DES":"Land Subject to Inundation","HYC_DESCRI":"Non-Perennial/Intermittent/Fluctuating"}},
{"type":"Feature","geometry":{"type":"Polygon","coordinates":[[[0.35834238844404354,10.124704983908941],[0.35372638843978166,10.149995983932513],[0.35689438844269716,10.12361598390794],[0.35834238844404354,10.124704983908941]]]},"properties":{"NAME":"","F_CODE_DES":"Land Subject to Inundation","HYC_DESCRI":"Non-Perennial/Intermittent/Fluctuating"}},
{"type":"Feature","geometry":{"type":"Polygon","coordinates":[[[-0.1208186120022674,10.191671983971219],[-0.07704161196147652,10.186763983966557],[-0.07288961195763477,10.198088983977186],[-0.15851961203725295,10.219367983997017],[-0.19097561206763203,10.261821984036487],[-0.15396961203305182,10.276422984050214],[-0.1043986119868805,10.288837984061729],[-0.1384276120186314,10.301857984073877],[-0.16022161203886753,10.298435984070693],[-0.19900561207509782,10.275538984049263],[-0.22875461210264803,10.232034984008806],[-0.25342261212563244,10.283751984057062],[-0.26742561213882254,10.27750098405113],[-0.24521761211804005,10.231691984008421],[-0.25059161212311665,10.221196983998652],[-0.2511986121235168,10.213248983991207],[-0.2398736121131151,10.202768983981514],[-0.2196486120942609,10.22752398400462],[-0.1959416120721471,10.23778498401407],[-0.18054461205770167,10.221631983999032],[-0.154176612033325,10.196765983975865],[-0.1208186120022674,10.191671983971219]]]},"properties":{"NAME":"","F_CODE_DES":"Land Subject to Inundation","HYC_DESCRI":"Non-Perennial/Intermittent/Fluctuating"}},
{"type":"Feature","geometry":{"type":"Polygon","coordinates":[[[0.07635838818146112,10.225150984002312],[0.08692538819127549,10.237655984014054],[0.07031438817580238,10.277974984051525],[0.05030938815730224,10.281940984055382],[0.042602388150044135,10.261183984036052],[0.023172388132024935,10.253198984028586],[0.0183043881274898,10.226948984004139],[0.04948438815631562,10.218943983996724],[0.07635838818146112,10.225150984002312]]]},"properties":{"NAME":"","F_CODE_DES":"Land Subject to Inundation","HYC_DESCRI":"Non-Perennial/Intermittent/Fluctuating"}},
{"type":"Feature","geometry":{"type":"Polygon","coordinates":[[[-0.25059161212311665,10.221196983998652],[-0.24521761211804005,10.231691984008421],[-0.26742561213882254,10.27750098405113],[-0.25059161212311665,10.221196983998652]]]},"properties":{"NAME":"","F_CODE_DES":"Land Subject to Inundation","HYC_DESCRI":"Non-Perennial/Intermittent/Fluctuating"}},
{"type":"Feature","geometry":{"type":"Polygon","coordinates":[[[-0.15733861203625565,10.099379983885228],[-0.16577661204405558,10.107115983892527],[-0.23879461211208763,10.122508983906755],[-0.28168761215192717,10.141401983924425],[-0.2623956121340143,10.161360983943041],[-0.21954661209406368,10.147062983929573],[-0.19698261207304313,10.165209983946625],[-0.17836661205569726,10.160328983942009],[-0.17551561205323196,10.200815983979737],[-0.1959416120721471,10.23778498401407],[-0.2196486120942609,10.22752398400462],[-0.2398736121131151,10.202768983981514],[-0.26540661213675776,10.174752983955386],[-0.30131961217034586,10.16756898394874],[-0.3086566121771739,10.156935983938865],[-0.23326061210696025,10.1035199838891],[-0.15733861203625565,10.099379983885228]]]},"properties":{"NAME":"","F_CODE_DES":"Land Subject to Inundation","HYC_DESCRI":"Non-Perennial/Intermittent/Fluctuating"}},
{"type":"Feature","geometry":{"type":"Polygon","coordinates":[[[-0.1208186120022674,10.191671983971219],[-0.154176612033325,10.196765983975865],[-0.18054461205770167,10.221631983999032],[-0.15642861203536995,10.19547898397468],[-0.1208186120022674,10.191671983971219]]]},"properties":{"NAME":"","F_CODE_DES":"Land Subject to Inundation","HYC_DESCRI":"Non-Perennial/Intermittent/Fluctuating"}},
{"type":"Feature","geometry":{"type":"Polygon","coordinates":[[[-0.2398736121131151,10.202768983981514],[-0.2511986121235168,10.213248983991207],[-0.2567386121288564,10.198657983977682],[-0.28302061215322283,10.180928983961167],[-0.32094061218845127,10.17068098395157],[-0.3189036121866593,10.16122098394294],[-0.3086566121771739,10.156935983938865],[-0.30131961217034586,10.16756898394874],[-0.26540661213675776,10.174752983955386],[-0.2398736121131151,10.202768983981514]]]},"properties":{"NAME":"","F_CODE_DES":"Land Subject to Inundation","HYC_DESCRI":"Non-Perennial/Intermittent/Fluctuating"}},
{"type":"Feature","geometry":{"type":"Polygon","coordinates":[[[-0.6446626124900376,10.20505098398371],[-0.6677396125114683,10.209984983988306],[-0.6996376125412098,10.187154983967048],[-0.6969166125386437,10.180177983960448],[-0.6824526125251396,10.174429983955179],[-0.6623986125066494,10.189813983969543],[-0.6509316124959241,10.180250983960605],[-0.6481436124931861,10.184588983964659],[-0.6446626124900376,10.20505098398371]]]},"properties":{"NAME":"","F_CODE_DES":"Land Subject to Inundation","HYC_DESCRI":"Non-Perennial/Intermittent/Fluctuating"}},
{"type":"Feature","geometry":{"type":"Polygon","coordinates":[[[-0.6148556124621791,10.157028983938972],[-0.6172406124644567,10.178820983959213],[-0.6446626124900376,10.20505098398371],[-0.6481436124931861,10.184588983964659],[-0.6148556124621791,10.157028983938972]]]},"properties":{"NAME":"","F_CODE_DES":"Land Subject to Inundation","HYC_DESCRI":"Non-Perennial/Intermittent/Fluctuating"}},
{"type":"Feature","geometry":{"type":"Polygon","coordinates":[[[-0.6824526125251396,10.174429983955179],[-0.6969166125386437,10.180177983960448],[-0.718557612558925,10.162499983944144],[-0.7392086125780679,10.16207098394375],[-0.7658446126029048,10.156754983938754],[-0.7851616126208683,10.1383779839216],[-0.7370496125761292,10.142987983925877],[-0.6824526125251396,10.174429983955179]]]},"properties":{"NAME":"","F_CODE_DES":"Land Subject to Inundation","HYC_DESCRI":"Non-Perennial/Intermittent/Fluctuating"}},
{"type":"Feature","geometry":{"type":"Polygon","coordinates":[[[-0.32094061218845127,10.17068098395157],[-0.36541661223009214,10.158496983940267],[-0.40459461226646454,10.176027983956601],[-0.4653566123231485,10.152327983934583],[-0.4634386123211698,10.129890983913583],[-0.45370961231219553,10.131814983915547],[-0.4323606122923138,10.148120983930767],[-0.4183536122793612,10.152996983935282],[-0.3859136122491691,10.154228983936264],[-0.3593686122244435,10.143876983926702],[-0.3189036121866593,10.16122098394294],[-0.32094061218845127,10.17068098395157]]]},"properties":{"NAME":"","F_CODE_DES":"Land Subject to Inundation","HYC_DESCRI":"Non-Perennial/Intermittent/Fluctuating"}},
{"type":"Feature","geometry":{"type":"Polygon","coordinates":[[[-0.7392086125780679,10.16207098394375],[-0.7891956126245532,10.158249983940095],[-0.7851616126208683,10.1383779839216],[-0.7658446126029048,10.156754983938754],[-0.7392086125780679,10.16207098394375]]]},"properties":{"NAME":"","F_CODE_DES":"Land Subject to Inundation","HYC_DESCRI":"Non-Perennial/Intermittent/Fluctuating"}},
{"type":"Feature","geometry":{"type":"Polygon","coordinates":[[[-0.3189036121866593,10.16122098394294],[-0.3593686122244435,10.143876983926702],[-0.3859136122491691,10.154228983936264],[-0.4183536122793612,10.152996983935282],[-0.4029426122649511,10.151678983934062],[-0.37854561224230565,10.127099983911194],[-0.34022261220661676,10.146337983929016],[-0.3124236121807371,10.151212983933647],[-0.28710161215713015,10.126175983910116],[-0.25073561212320783,10.109980983895184],[-0.24392761211674951,10.079242983866607],[-0.21248061208757463,10.090119983876548],[-0.19739961207346823,10.066816983855006],[-0.17921361205662834,10.057794983846634],[-0.1565866120354258,10.069041983857005],[-0.14753761202700844,10.08974298387625],[-0.1490366120285671,10.091812983878299],[-0.15733861203625565,10.099379983885228],[-0.23326061210696025,10.1035199838891],[-0.3086566121771739,10.156935983938865],[-0.3189036121866593,10.16122098394294]]]},"properties":{"NAME":"","F_CODE_DES":"Land Subject to Inundation","HYC_DESCRI":"Non-Perennial/Intermittent/Fluctuating"}},
{"type":"Feature","geometry":{"type":"Polygon","coordinates":[[[0.35372638843978166,10.149995983932513],[0.33564838842289646,10.139888983922901],[0.35533638844117377,10.118853983903364],[0.35689438844269716,10.12361598390794],[0.35372638843978166,10.149995983932513]]]},"properties":{"NAME":"","F_CODE_DES":"Land Subject to Inundation","HYC_DESCRI":"Non-Perennial/Intermittent/Fluctuating"}},
{"type":"Feature","geometry":null,"properties":{"NAME":"","F_CODE_DES":"Land Subject to Inundation","HYC_DESCRI":"Non-Perennial/Intermittent/Fluctuating"}},
{"type":"Feature","geometry":{"type":"Polygon","coordinates":[[[-0.4323606122923138,10.148120983930767],[-0.45370961231219553,10.131814983915547],[-0.43328961229326524,10.105785983891337],[-0.40999161227159675,10.094952983881058],[-0.37801661224170857,10.100046983885932],[-0.3442956122103169,10.09113498387751],[-0.32678461219393284,10.078175983865549],[-0.29136661216102766,10.032263983822759],[-0.26857861213989054,10.025550983816402],[-0.25268561212510576,10.0032209837957],[-0.2545056121266498,10.023970983814934],[-0.27551761214635917,10.037097983827152],[-0.279022612149447,10.062348983850825],[-0.29561161216497567,10.096207983882323],[-0.33090661219785034,10.098615983884656],[-0.3978946122601883,10.11356798389852],[-0.44087661230037156,10.139791983922805],[-0.4323606122923138,10.148120983930767]]]},"properties":{"NAME":"","F_CODE_DES":"Land Subject to Inundation","HYC_DESCRI":"Non-Perennial/Intermittent/Fluctuating"}},
{"type":"Feature","geometry":{"type":"Polygon","coordinates":[[[0.35533638844117377,10.118853983903364],[0.35834238844404354,10.124704983908941],[0.35689438844269716,10.12361598390794],[0.35533638844117377,10.118853983903364]]]},"properties":{"NAME":"","F_CODE_DES":"Land Subject to Inundation","HYC_DESCRI":"Non-Perennial/Intermittent/Fluctuating"}},
{"type":"Feature","geometry":{"type":"Polygon","coordinates":[[[-0.29136661216102766,10.032263983822759],[-0.32678461219393284,10.078175983865549],[-0.3442956122103169,10.09113498387751],[-0.37801661224170857,10.100046983885932],[-0.40999161227159675,10.094952983881058],[-0.43328961229326524,10.105785983891337],[-0.45370961231219553,10.131814983915547],[-0.4634386123211698,10.129890983913583],[-0.40634361226807414,10.078999983866197],[-0.38863861225149776,10.072285983859956],[-0.3505956122162388,10.073131983860776],[-0.34948461221506477,10.055671983844604],[-0.3290076121961647,10.049899983839168],[-0.33380061220054813,10.019967983811284],[-0.32340861219086037,10.002144983794778],[-0.29267561216215654,9.990954983784377],[-0.28023761215058585,9.95965398375506],[-0.29136661216102766,10.032263983822759]]]},"properties":{"NAME":"","F_CODE_DES":"Land Subject to Inundation","HYC_DESCRI":"Non-Perennial/Intermittent/Fluctuating"}},
{"type":"Feature","geometry":null,"properties":{"NAME":"","F_CODE_DES":"Land Subject to Inundation","HYC_DESCRI":"Non-Perennial/Intermittent/Fluctuating"}},
{"type":"Feature","geometry":null,"properties":{"NAME":"","F_CODE_DES":"Land Subject to Inundation","HYC_DESCRI":"Non-Perennial/Intermittent/Fluctuating"}},
{"type":"Feature","geometry":{"type":"Polygon","coordinates":[[[0.39880738848182773,10.070137983858103],[0.389980388473532,10.074995983862664],[0.37845538846272575,10.074995983862664],[0.34483438843153635,10.035135983825512],[0.3394853884265103,10.007511983799759],[0.35350838843964993,9.99166198378498],[0.35834238844404354,10.030871983821498],[0.36667638845187867,10.028317983819079],[0.3734803884581197,10.024995983816098],[0.39167638847516173,10.022811983813881],[0.4083093884905793,10.020703983811927],[0.40834238849060966,10.020786983812059],[0.39861938848162026,10.039676983829622],[0.39880738848182773,10.070137983858103]]]},"properties":{"NAME":"","F_CODE_DES":"Land Subject to Inundation","HYC_DESCRI":"Non-Perennial/Intermittent/Fluctuating"}},
{"type":"Feature","geometry":{"type":"Polygon","coordinates":[[[3.8811026570328977e-7,9.895881983695745],[-0.01869961190709546,9.911235983709958],[-0.042306611929006976,9.906427983705498],[-0.03852261192560036,9.882766983683496],[-0.013704611902312536,9.87485598367607],[3.8811026570328977e-7,9.859134983661534],[3.8811026570328977e-7,9.895881983695745]]]},"properties":{"NAME":"","F_CODE_DES":"Land Subject to Inundation","HYC_DESCRI":"Non-Perennial/Intermittent/Fluctuating"}},
{"type":"Feature","geometry":{"type":"Polygon","coordinates":[[[0.35000938843631957,9.670112983485524],[0.3475593884340924,9.671031983486273],[0.3328913884204212,9.65260598346913],[0.35641038844232753,9.665182983480918],[0.35524938844127973,9.6666619834823],[0.35000938843631957,9.670112983485524]]]},"properties":{"NAME":"","F_CODE_DES":"Land Subject to Inundation","HYC_DESCRI":"Non-Perennial/Intermittent/Fluctuating"}},
{"type":"Feature","geometry":null,"properties":{"NAME":"","F_CODE_DES":"Land Subject to Inundation","HYC_DESCRI":"Non-Perennial/Intermittent/Fluctuating"}},
{"type":"Feature","geometry":{"type":"Polygon","coordinates":[[[-1.3736416131689566,8.722674982603166],[-1.4064936131994727,8.727271982607363],[-1.441238613231917,8.702901982584763],[-1.4524676132423338,8.681155982564405],[-1.4269136132186304,8.670032982554176],[-1.4270516132187367,8.647524982533014],[-1.4086046132015326,8.61655098250435],[-1.39370661318776,8.607573982495978],[-1.3660546131618503,8.610711982498742],[-1.3413016131387394,8.622993982510252],[-1.3297266131280594,8.653463982538597],[-1.313808613113224,8.670674982554601],[-1.336235613134022,8.689659982572266],[-1.3430926131404703,8.717584982598282],[-1.3736416131689566,8.722674982603166]]]},"properties":{"NAME":"","F_CODE_DES":"Land Subject to Inundation","HYC_DESCRI":"Non-Perennial/Intermittent/Fluctuating"}},
{"type":"Feature","geometry":{"type":"Polygon","coordinates":[[[3.8811026570328977e-7,6.82903398083954],[-0.02530361191315933,6.840810980850392],[-0.05152761193767219,6.8368359808468995],[-0.05331861193940313,6.8182079808293565],[-0.08691761197064807,6.818811980830105],[-0.09115261197462132,6.768676980783312],[-0.05413261194007646,6.778427980792458],[-0.02577161191356936,6.756423980771842],[-0.025956611913898087,6.720831980738694],[3.8811026570328977e-7,6.711434980730019],[3.8811026570328977e-7,6.726727980744272],[-0.009949611898946387,6.7466209807628275],[3.8811026570328977e-7,6.7667869807814895],[3.8811026570328977e-7,6.82903398083954]]]},"properties":{"NAME":"LAKE VOLTA","F_CODE_DES":"Inland Water","HYC_DESCRI":"Perennial/Permanent"}},
{"type":"Feature","geometry":{"type":"Polygon","coordinates":[[[-0.25268561212510576,10.0032209837957],[-0.26857861213989054,10.025550983816402],[-0.29136661216102766,10.032263983822759],[-0.28023761215058585,9.95965398375506],[-0.2598556121315596,9.956797983752494],[-0.25268561212510576,10.0032209837957]]]},"properties":{"NAME":"","F_CODE_DES":"Land Subject to Inundation","HYC_DESCRI":"Non-Perennial/Intermittent/Fluctuating"}},
{"type":"Feature","geometry":{"type":"Polygon","coordinates":[[[0.4083093884905793,10.020703983811927],[0.39167638847516173,10.022811983813881],[0.40834238849060966,10.020698983812053],[0.4083093884905793,10.020703983811927]]]},"properties":{"NAME":"","F_CODE_DES":"Land Subject to Inundation","HYC_DESCRI":"Non-Perennial/Intermittent/Fluctuating"}},
{"type":"Feature","geometry":{"type":"Polygon","coordinates":[[[0.40834238849060966,10.020698983812053],[0.40834238849060966,10.020786983812059],[0.4083093884905793,10.020703983811927],[0.40834238849060966,10.020698983812053]]]},"properties":{"NAME":"","F_CODE_DES":"Land Subject to Inundation","HYC_DESCRI":"Non-Perennial/Intermittent/Fluctuating"}},
{"type":"Feature","geometry":{"type":"Polygon","coordinates":[[[-0.9427036127676729,9.99348598378674],[-0.9998656128209404,9.999999983792804],[-0.9922476128137987,9.977460983771834],[-1.004076612824747,9.956419983752085],[-0.9864796128083526,9.937758983734739],[-0.9719006127947978,9.951951983747904],[-0.9713396127942815,9.953562983749407],[-0.9619326127856311,9.983756983777539],[-0.9438716127688167,9.983352983777195],[-0.9424026127674097,9.985597983779371],[-0.9427036127676729,9.99348598378674]]]},"properties":{"NAME":"","F_CODE_DES":"Land Subject to Inundation","HYC_DESCRI":"Non-Perennial/Intermittent/Fluctuating"}},
{"type":"Feature","geometry":{"type":"Polygon","coordinates":[[[-0.9864796128083526,9.937758983734739],[-1.004076612824747,9.956419983752085],[-0.9922476128137987,9.977460983771834],[-0.9998656128209404,9.999999983792804],[-1.0088836128293224,9.985718983779407],[-1.0114876128316155,9.921650983719701],[-0.9864796128083526,9.937758983734739]]]},"properties":{"NAME":"","F_CODE_DES":"Land Subject to Inundation","HYC_DESCRI":"Non-Perennial/Intermittent/Fluctuating"}},
{"type":"Feature","geometry":null,"properties":{"NAME":"","F_CODE_DES":"Land Subject to Inundation","HYC_DESCRI":"Non-Perennial/Intermittent/Fluctuating"}},
{"type":"Feature","geometry":{"type":"Polygon","coordinates":[[[0.10940138821229084,9.980596983774603],[0.09776538820142378,9.956838983752505],[0.1225283882245094,9.936359983733382],[0.12566938822737939,9.911581983710448],[0.1340593882353005,9.930329983727916],[0.12387038822566865,9.96221198375747],[0.10940138821229084,9.980596983774603]]]},"properties":{"NAME":"","F_CODE_DES":"Land Subject to Inundation","HYC_DESCRI":"Non-Perennial/Intermittent/Fluctuating"}},
{"type":"Feature","geometry":{"type":"Polygon","coordinates":[[[-0.9438716127688167,9.983352983777195],[-0.9619326127856311,9.983756983777539],[-0.9713396127942815,9.953562983749407],[-0.9438716127688167,9.983352983777195]]]},"properties":{"NAME":"","F_CODE_DES":"Land Subject to Inundation","HYC_DESCRI":"Non-Perennial/Intermittent/Fluctuating"}},
{"type":"Feature","geometry":{"type":"Polygon","coordinates":[[[0.11146338821413337,9.560271983383245],[0.1145583882171195,9.575917983397858],[0.10048138820388886,9.59648298341699],[0.145766388246102,9.609271983428926],[0.1719813882705239,9.631549983449531],[0.19698138829380696,9.633592983451535],[0.18962738828690817,9.681334983495844],[0.152841388252682,9.702175983515417],[0.1679273882666621,9.726202983537632],[0.18920138828661948,9.731432983542618],[0.2226263883176216,9.724808983536377],[0.23778038833188475,9.741476983552047],[0.2352993883293948,9.761222983570406],[0.20364338829995177,9.777515983585545],[0.2071073883032568,9.806502983612518],[0.1989793882955837,9.890560983690875],[0.14930338824933642,9.950834983746972],[0.10940138821229084,9.980596983774603],[0.12387038822566865,9.96221198375747],[0.1340593882353005,9.930329983727916],[0.12566938822737939,9.911581983710448],[0.13403138823514382,9.905506983704754],[0.16272838826193947,9.908221983707335],[0.17766038827585362,9.859363983661751],[0.1734993882719209,9.848287983651517],[0.1753163882735862,9.841084983644805],[0.18847438828584018,9.801517983607937],[0.17181138827027098,9.773382983581769],[0.1579693882574702,9.758762983567976],[0.16782938826668214,9.734970983545963],[0.14724038824738273,9.730865983542117],[0.1475183882478177,9.723120983534955],[0.13710838823794802,9.70780598352053],[0.13312438823436423,9.699629983512978],[0.13568738823664717,9.681121983495814],[0.14224638824271096,9.667127983482715],[0.16538838826431856,9.64946998346636],[0.14649038824677518,9.635329983453175],[0.13000438823132754,9.6071869834268],[0.09456538819836169,9.607641983427357],[0.07461438817972521,9.579474983401042],[0.11146338821413337,9.560271983383245]]]},"properties":{"NAME":"","F_CODE_DES":"Land Subject to Inundation","HYC_DESCRI":"Non-Perennial/Intermittent/Fluctuating"}},
{"type":"Feature","geometry":{"type":"Polygon","coordinates":[[[-0.9719006127947978,9.951951983747904],[-0.9864796128083526,9.937758983734739],[-1.0114876128316155,9.921650983719701],[-1.0110616128313268,9.895667983695603],[-1.025098612844431,9.87655998367768],[-1.0098876128301981,9.852241983655176],[-0.983163612805356,9.846318983649553],[-0.9746846127973186,9.833997983638028],[-0.9789876128013475,9.803385983609587],[-0.954332612778444,9.795370983602197],[-0.9441786127690648,9.75640698356574],[-0.9458196127704923,9.736625983547356],[-0.9619546127855756,9.728642983539885],[-0.9974636128185921,9.683148983497631],[-0.9882836128101644,9.681007983495647],[-0.9535626127776595,9.687655983501827],[-0.9510836127753919,9.689585983503548],[-0.9441256127688575,9.696558983510158],[-0.9237676127499981,9.746795983556922],[-0.9235876127497704,9.769321983577811],[-0.9416056127665797,9.80128098360774],[-0.9438196127687206,9.829755983634186],[-0.9731406127959872,9.874906983676283],[-0.9550386127791626,9.910067983709041],[-0.9719006127947978,9.951951983747904]]]},"properties":{"NAME":"","F_CODE_DES":"Land Subject to Inundation","HYC_DESCRI":"Non-Perennial/Intermittent/Fluctuating"}},
{"type":"Feature","geometry":{"type":"Polygon","coordinates":[[[0.1734993882719209,9.848287983651517],[0.17766038827585362,9.859363983661751],[0.16272838826193947,9.908221983707335],[0.13403138823514382,9.905506983704754],[0.16232838826158513,9.892559983692763],[0.1734993882719209,9.848287983651517]]]},"properties":{"NAME":"","F_CODE_DES":"Land Subject to Inundation","HYC_DESCRI":"Non-Perennial/Intermittent/Fluctuating"}},
{"type":"Feature","geometry":{"type":"Polygon","coordinates":[[[0.12175538822361887,9.741733983552194],[0.12873638823020883,9.75621498356577],[0.1079563882108232,9.800168983606682],[0.0884473881926624,9.804600983610726],[0.05293638815965096,9.835553983639556],[0.06811638817384846,9.84901598365218],[0.06516638817106468,9.867837983669688],[0.029439388137689093,9.870286983671804],[3.8811026570328977e-7,9.895881983695745],[3.8811026570328977e-7,9.859134983661534],[0.051985388158755086,9.798321983604865],[0.06135238816750643,9.79069098359787],[0.06177638816780018,9.790344983597379],[0.09458638819842236,9.77125998357974],[0.12175538822361887,9.741733983552194]]]},"properties":{"NAME":"","F_CODE_DES":"Land Subject to Inundation","HYC_DESCRI":"Non-Perennial/Intermittent/Fluctuating"}},
{"type":"Feature","geometry":{"type":"Polygon","coordinates":[[[3.8811026570328977e-7,9.859134983661534],[-0.013704611902312536,9.87485598367607],[-0.03852261192560036,9.882766983683496],[-0.012250611900981312,9.865782983667714],[-0.0012726118909540673,9.839678983643353],[-0.012496611901269716,9.821304983626305],[3.8811026570328977e-7,9.811338983616906],[3.8811026570328977e-7,9.859134983661534]]]},"properties":{"NAME":"","F_CODE_DES":"Land Subject to Inundation","HYC_DESCRI":"Non-Perennial/Intermittent/Fluctuating"}},
{"type":"Feature","geometry":{"type":"Polygon","coordinates":[[[0.051985388158755086,9.798321983604865],[3.8811026570328977e-7,9.859134983661534],[3.8811026570328977e-7,9.811338983616906],[0.0072013881169823435,9.805595983611738],[0.02859138813687423,9.796322983602977],[0.051985388158755086,9.798321983604865]]]},"properties":{"NAME":"","F_CODE_DES":"Land Subject to Inundation","HYC_DESCRI":"Non-Perennial/Intermittent/Fluctuating"}},
{"type":"Feature","geometry":{"type":"Polygon","coordinates":[[[-0.9974636128185921,9.683148983497631],[-0.9619546127855756,9.728642983539885],[-0.9458196127704923,9.736625983547356],[-0.9441786127690648,9.75640698356574],[-0.954332612778444,9.795370983602197],[-0.9789876128013475,9.803385983609587],[-0.9746846127973186,9.833997983638028],[-0.983163612805356,9.846318983649553],[-1.0098876128301981,9.852241983655176],[-0.988715612810438,9.823686983628477],[-0.9805056128027445,9.798044983604541],[-0.9916756128131965,9.76526898357406],[-0.9632056127866235,9.749990983559883],[-0.9785866128011094,9.720382983532318],[-1.0061246128266248,9.699356983512644],[-0.9974636128185921,9.683148983497631]]]},"properties":{"NAME":"","F_CODE_DES":"Land Subject to Inundation","HYC_DESCRI":"Non-Perennial/Intermittent/Fluctuating"}},
{"type":"Feature","geometry":{"type":"Polygon","coordinates":[[[0.17181138827027098,9.773382983581769],[0.18847438828584018,9.801517983607937],[0.1753163882735862,9.841084983644805],[0.18200538827977653,9.814574983620105],[0.17181138827027098,9.773382983581769]]]},"properties":{"NAME":"","F_CODE_DES":"Land Subject to Inundation","HYC_DESCRI":"Non-Perennial/Intermittent/Fluctuating"}},
{"type":"Feature","geometry":{"type":"Polygon","coordinates":[[[3.8811026570328977e-7,9.811338983616906],[-0.012496611901269716,9.821304983626305],[-0.012661611901421566,9.802827983609177],[3.8811026570328977e-7,9.804592983610746],[3.8811026570328977e-7,9.811338983616906]]]},"properties":{"NAME":"","F_CODE_DES":"Land Subject to Inundation","HYC_DESCRI":"Non-Perennial/Intermittent/Fluctuating"}},
{"type":"Feature","geometry":{"type":"Polygon","coordinates":[[[0.0072013881169823435,9.805595983611738],[3.8811026570328977e-7,9.811338983616906],[3.8811026570328977e-7,9.804592983610746],[0.0072013881169823435,9.805595983611738]]]},"properties":{"NAME":"","F_CODE_DES":"Land Subject to Inundation","HYC_DESCRI":"Non-Perennial/Intermittent/Fluctuating"}},
{"type":"Feature","geometry":{"type":"Polygon","coordinates":[[[0.051985388158755086,9.798321983604865],[0.02859138813687423,9.796322983602977],[0.0072013881169823435,9.805595983611738],[3.8811026570328977e-7,9.804592983610746],[3.8811026570328977e-7,9.765680983574384],[0.06135238816750643,9.79069098359787],[0.051985388158755086,9.798321983604865]]]},"properties":{"NAME":"","F_CODE_DES":"Land Subject to Inundation","HYC_DESCRI":"Non-Perennial/Intermittent/Fluctuating"}},
{"type":"Feature","geometry":{"type":"Polygon","coordinates":[[[3.8811026570328977e-7,9.765680983574384],[3.8811026570328977e-7,9.804592983610746],[-0.012661611901421566,9.802827983609177],[3.8811026570328977e-7,9.765680983574384]]]},"properties":{"NAME":"","F_CODE_DES":"Land Subject to Inundation","HYC_DESCRI":"Non-Perennial/Intermittent/Fluctuating"}},
{"type":"Feature","geometry":{"type":"Polygon","coordinates":[[[0.12175538822361887,9.741733983552194],[0.09458638819842236,9.77125998357974],[0.06177638816780018,9.790344983597379],[0.0729163881783279,9.778726983586694],[0.08631838819064797,9.731034983542258],[0.07296938817830778,9.720808983532606],[0.0427983881502314,9.726064983537526],[3.8811026570328977e-7,9.753881983563588],[3.8811026570328977e-7,9.730575983541712],[0.0717883881770831,9.684929983499387],[0.09911638820267399,9.683909983498324],[0.11203638821461936,9.705052983518044],[0.1007893882042481,9.719207983531305],[0.12175538822361887,9.741733983552194]]]},"properties":{"NAME":"","F_CODE_DES":"Land Subject to Inundation","HYC_DESCRI":"Non-Perennial/Intermittent/Fluctuating"}},
{"type":"Feature","geometry":{"type":"Polygon","coordinates":[[[0.14724038824738273,9.730865983542117],[0.16782938826668214,9.734970983545963],[0.1579693882574702,9.758762983567976],[0.14724038824738273,9.730865983542117]]]},"properties":{"NAME":"","F_CODE_DES":"Land Subject to Inundation","HYC_DESCRI":"Non-Perennial/Intermittent/Fluctuating"}},
{"type":"Feature","geometry":{"type":"Polygon","coordinates":[[[3.8811026570328977e-7,9.753881983563588],[-0.0205146119087658,9.741687983552083],[3.8811026570328977e-7,9.730575983541712],[3.8811026570328977e-7,9.753881983563588]]]},"properties":{"NAME":"","F_CODE_DES":"Land Subject to Inundation","HYC_DESCRI":"Non-Perennial/Intermittent/Fluctuating"}},
{"type":"Feature","geometry":{"type":"Polygon","coordinates":[[[3.8811026570328977e-7,9.730575983541712],[-0.0205146119087658,9.741687983552083],[-0.011748611900657124,9.710876983523349],[3.8811026570328977e-7,9.709351983522083],[3.8811026570328977e-7,9.730575983541712]]]},"properties":{"NAME":"","F_CODE_DES":"Land Subject to Inundation","HYC_DESCRI":"Non-Perennial/Intermittent/Fluctuating"}},
{"type":"Feature","geometry":{"type":"Polygon","coordinates":[[[-1.1614586129712734,9.735475983546394],[-1.23968961304422,9.733122983544263],[-1.2780326130798585,9.711786983524235],[-1.2831856130846973,9.675265983490362],[-1.271029613073324,9.674882983489852],[-1.2632836130662781,9.678438983493152],[-1.2564386130597995,9.676006983490879],[-1.2381056130427623,9.6852059834996],[-1.2250036130305944,9.695919983509611],[-1.2207626130266362,9.700009983513382],[-1.2091946130158249,9.711164983523759],[-1.1914886129993647,9.715561983527778],[-1.1643006129741025,9.713578983526077],[-1.1614586129712734,9.735475983546394]]]},"properties":{"NAME":"","F_CODE_DES":"Land Subject to Inundation","HYC_DESCRI":"Non-Perennial/Intermittent/Fluctuating"}},
{"type":"Feature","geometry":{"type":"Polygon","coordinates":[[[-1.1605646129705747,9.709654983522341],[-1.1187776129315807,9.702526983515781],[-1.1008286129149383,9.711949983524391],[-1.111278612924707,9.731122983542264],[-1.1614586129712734,9.735475983546394],[-1.1643006129741025,9.713578983526077],[-1.1605646129705747,9.709654983522341]]]},"properties":{"NAME":"","F_CODE_DES":"Land Subject to Inundation","HYC_DESCRI":"Non-Perennial/Intermittent/Fluctuating"}},
{"type":"Feature","geometry":{"type":"Polygon","coordinates":[[[0.1475183882478177,9.723120983534955],[0.14724038824738273,9.730865983542117],[0.14509538824540869,9.72283998353464],[0.1475183882478177,9.723120983534955]]]},"properties":{"NAME":"","F_CODE_DES":"Land Subject to Inundation","HYC_DESCRI":"Non-Perennial/Intermittent/Fluctuating"}},
{"type":"Feature","geometry":{"type":"Polygon","coordinates":[[[0.09911638820267399,9.683909983498324],[0.0717883881770831,9.684929983499387],[3.8811026570328977e-7,9.730575983541712],[3.8811026570328977e-7,9.709351983522083],[0.01790438812690809,9.711597983524143],[0.034740388142608936,9.694737983508503],[0.03443438814247202,9.677269983492124],[0.09911638820267399,9.683909983498324]]]},"properties":{"NAME":"","F_CODE_DES":"Land Subject to Inundation","HYC_DESCRI":"Non-Perennial/Intermittent/Fluctuating"}},
{"type":"Feature","geometry":{"type":"Polygon","coordinates":[[[0.13710838823794802,9.70780598352053],[0.1475183882478177,9.723120983534955],[0.14509538824540869,9.72283998353464],[0.13710838823794802,9.70780598352053]]]},"properties":{"NAME":"","F_CODE_DES":"Land Subject to Inundation","HYC_DESCRI":"Non-Perennial/Intermittent/Fluctuating"}},
{"type":"Feature","geometry":{"type":"Polygon","coordinates":[[[-1.1643006129741025,9.713578983526077],[-1.1914886129993647,9.715561983527778],[-1.1605646129705747,9.709654983522341],[-1.1643006129741025,9.713578983526077]]]},"properties":{"NAME":"","F_CODE_DES":"Land Subject to Inundation","HYC_DESCRI":"Non-Perennial/Intermittent/Fluctuating"}},
{"type":"Feature","geometry":{"type":"Polygon","coordinates":[[[-1.2831856130846973,9.675265983490362],[-1.2780326130798585,9.711786983524235],[-1.3263046131248757,9.668486983483945],[-1.3194446131185487,9.648137983464949],[-1.3040276131041537,9.65534898347164],[-1.2831856130846973,9.675265983490362]]]},"properties":{"NAME":"","F_CODE_DES":"Land Subject to Inundation","HYC_DESCRI":"Non-Perennial/Intermittent/Fluctuating"}},
{"type":"Feature","geometry":null,"properties":{"NAME":"","F_CODE_DES":"Land Subject to Inundation","HYC_DESCRI":"Non-Perennial/Intermittent/Fluctuating"}},
{"type":"Feature","geometry":null,"properties":{"NAME":"","F_CODE_DES":"Land Subject to Inundation","HYC_DESCRI":"Non-Perennial/Intermittent/Fluctuating"}},
{"type":"Feature","geometry":null,"properties":{"NAME":"","F_CODE_DES":"Land Subject to Inundation","HYC_DESCRI":"Non-Perennial/Intermittent/Fluctuating"}},
{"type":"Feature","geometry":{"type":"Polygon","coordinates":[[[0.3462443884327513,9.683329983497742],[0.2863373883769782,9.69773398351117],[0.25495738834774784,9.681859983496452],[0.2505293883436934,9.657002983473376],[0.2571973883498231,9.634993983452887],[0.28307938837406255,9.602628983422619],[0.26199738835430253,9.647085983463967],[0.2738353883653417,9.680017983494736],[0.3066423883958578,9.653693983470248],[0.3328913884204212,9.65260598346913],[0.3475593884340924,9.671031983486273],[0.3462443884327513,9.683329983497742]]]},"properties":{"NAME":"","F_CODE_DES":"Land Subject to Inundation","HYC_DESCRI":"Non-Perennial/Intermittent/Fluctuating"}},
{"type":"Feature","geometry":null,"properties":{"NAME":"","F_CODE_DES":"Land Subject to Inundation","HYC_DESCRI":"Non-Perennial/Intermittent/Fluctuating"}},
{"type":"Feature","geometry":null,"properties":{"NAME":"","F_CODE_DES":"Land Subject to Inundation","HYC_DESCRI":"Non-Perennial/Intermittent/Fluctuating"}},
{"type":"Feature","geometry":{"type":"Polygon","coordinates":[[[0.35000938843631957,9.670112983485524],[0.3462443884327513,9.683329983497742],[0.3475593884340924,9.671031983486273],[0.35000938843631957,9.670112983485524]]]},"properties":{"NAME":"","F_CODE_DES":"Land Subject to Inundation","HYC_DESCRI":"Non-Perennial/Intermittent/Fluctuating"}},
{"type":"Feature","geometry":{"type":"Polygon","coordinates":[[[0.3066423883958578,9.653693983470248],[0.2738353883653417,9.680017983494736],[0.26199738835430253,9.647085983463967],[0.28307938837406255,9.602628983422619],[0.3038163883932157,9.599049983419263],[0.3531683884391441,9.62608498344457],[0.34938638843573244,9.635707983453358],[0.30544638839478466,9.626638983444991],[0.28313938837413843,9.635198983452938],[0.27369838836534655,9.656726983472936],[0.2865803883771605,9.667858983483484],[0.3066423883958578,9.653693983470248]]]},"properties":{"NAME":"","F_CODE_DES":"Land Subject to Inundation","HYC_DESCRI":"Non-Perennial/Intermittent/Fluctuating"}},
{"type":"Feature","geometry":{"type":"Polygon","coordinates":[[[-1.2632836130662781,9.678438983493152],[-1.271029613073324,9.674882983489852],[-1.2647916130677004,9.674478983489507],[-1.2632836130662781,9.678438983493152]]]},"properties":{"NAME":"","F_CODE_DES":"Land Subject to Inundation","HYC_DESCRI":"Non-Perennial/Intermittent/Fluctuating"}},
{"type":"Feature","geometry":{"type":"Polygon","coordinates":[[[-1.2564386130597995,9.676006983490879],[-1.2632836130662781,9.678438983493152],[-1.2647916130677004,9.674478983489507],[-1.2564386130597995,9.676006983490879]]]},"properties":{"NAME":"","F_CODE_DES":"Land Subject to Inundation","HYC_DESCRI":"Non-Perennial/Intermittent/Fluctuating"}},
{"type":"Feature","geometry":{"type":"Polygon","coordinates":[[[-1.3194446131185487,9.648137983464949],[-1.3263046131248757,9.668486983483945],[-1.3772086131723427,9.619603983438537],[-1.3711236131666737,9.612135983431472],[-1.337773613135596,9.626390983444708],[-1.3345936131327107,9.629385983447492],[-1.3194446131185487,9.648137983464949]]]},"properties":{"NAME":"","F_CODE_DES":"Land Subject to Inundation","HYC_DESCRI":"Non-Perennial/Intermittent/Fluctuating"}},
{"type":"Feature","geometry":{"type":"Polygon","coordinates":[[[0.07461438817972521,9.579474983401042],[0.09456538819836169,9.607641983427357],[0.13000438823132754,9.6071869834268],[0.14649038824677518,9.635329983453175],[0.16538838826431856,9.64946998346636],[0.14224638824271096,9.667127983482715],[0.15238538825224168,9.646636983463623],[0.13999338824078222,9.634043983451875],[0.09420338819813878,9.62538598344372],[0.05219438815902322,9.660416983476352],[0.010471388120095071,9.662810983478721],[0.008449388118151546,9.630618983448812],[0.04190338814942152,9.619880983438634],[0.020822388129772662,9.59640898341695],[0.035430388143367963,9.58587198340706],[0.07461438817972521,9.579474983401042]]]},"properties":{"NAME":"","F_CODE_DES":"Land Subject to Inundation","HYC_DESCRI":"Non-Perennial/Intermittent/Fluctuating"}},
{"type":"Feature","geometry":{"type":"Polygon","coordinates":[[[-1.3040276131041537,9.65534898347164],[-1.3194446131185487,9.648137983464949],[-1.3345936131327107,9.629385983447492],[-1.3040276131041537,9.65534898347164]]]},"properties":{"NAME":"","F_CODE_DES":"Land Subject to Inundation","HYC_DESCRI":"Non-Perennial/Intermittent/Fluctuating"}},
{"type":"Feature","geometry":{"type":"Polygon","coordinates":[[[0.24233338833596463,9.570314983392564],[0.24171338833548361,9.602697983422786],[0.22475038831976235,9.637033983454785],[0.2101533883060256,9.6097989834293],[0.2124543883082879,9.556502983379687],[0.2256313883203802,9.550269983373937],[0.23297038832720318,9.550628983374281],[0.23334238832762821,9.551190983374681],[0.23517838832935922,9.566662983389051],[0.24233338833596463,9.570314983392564]]]},"properties":{"NAME":"","F_CODE_DES":"Land Subject to Inundation","HYC_DESCRI":"Non-Perennial/Intermittent/Fluctuating"}},
{"type":"Feature","geometry":{"type":"Polygon","coordinates":[[[-1.396204613189866,9.580121983401568],[-1.39290961318693,9.557293983380305],[-1.371724613167089,9.565858983388352],[-1.3574646131539794,9.605583983425277],[-1.337773613135596,9.626390983444708],[-1.3711236131666737,9.612135983431472],[-1.372161613167691,9.583627983404995],[-1.396204613189866,9.580121983401568]]]},"properties":{"NAME":"","F_CODE_DES":"Land Subject to Inundation","HYC_DESCRI":"Non-Perennial/Intermittent/Fluctuating"}},
{"type":"Feature","geometry":{"type":"Polygon","coordinates":[[[-1.3711236131666737,9.612135983431472],[-1.3772086131723427,9.619603983438537],[-1.396204613189866,9.580121983401568],[-1.372161613167691,9.583627983404995],[-1.3711236131666737,9.612135983431472]]]},"properties":{"NAME":"","F_CODE_DES":"Land Subject to Inundation","HYC_DESCRI":"Non-Perennial/Intermittent/Fluctuating"}},
{"type":"Feature","geometry":{"type":"Polygon","coordinates":[[[0.07461438817972521,9.579474983401042],[0.035430388143367963,9.58587198340706],[0.020822388129772662,9.59640898341695],[0.042367388149841645,9.568406983390787],[0.09299738819686354,9.55229598337587],[0.11146338821413337,9.560271983383245],[0.07461438817972521,9.579474983401042]]]},"properties":{"NAME":"","F_CODE_DES":"Land Subject to Inundation","HYC_DESCRI":"Non-Perennial/Intermittent/Fluctuating"}},
{"type":"Feature","geometry":null,"properties":{"NAME":"","F_CODE_DES":"Land Subject to Inundation","HYC_DESCRI":"Non-Perennial/Intermittent/Fluctuating"}},
{"type":"Feature","geometry":{"type":"Polygon","coordinates":[[[-1.2970656130976295,9.370662983206557],[-1.3300236131283327,9.40005298323399],[-1.3325846131306207,9.450571983280952],[-1.3461266131432694,9.458659983288499],[-1.3376956131355655,9.517605983343401],[-1.3607556131569254,9.522932983348483],[-1.3541426131507706,9.511687983337879],[-1.3618656131579883,9.46662298329602],[-1.3662166131621234,9.432953983264724],[-1.3663276131621842,9.399719983233581],[-1.294994613095696,9.344459983182105],[-1.2601506130631606,9.301270983141876],[-1.2566816130599818,9.285519983127415],[-1.2480966130519846,9.277191983119565],[-1.2320516130371288,9.289782983131317],[-1.253682613057208,9.318941983158538],[-1.2979056130984645,9.360013983196723],[-1.2970656130976295,9.370662983206557]]]},"properties":{"NAME":"","F_CODE_DES":"Land Subject to Inundation","HYC_DESCRI":"Non-Perennial/Intermittent/Fluctuating"}},
{"type":"Feature","geometry":{"type":"Polygon","coordinates":[[[-1.3618656131579883,9.46662298329602],[-1.3541426131507706,9.511687983337879],[-1.3607556131569254,9.522932983348483],[-1.3618656131579883,9.46662298329602]]]},"properties":{"NAME":"","F_CODE_DES":"Land Subject to Inundation","HYC_DESCRI":"Non-Perennial/Intermittent/Fluctuating"}},
{"type":"Feature","geometry":{"type":"Polygon","coordinates":[[[-0.4993666123548337,9.500752983327857],[-0.5088976123636257,9.502936983329846],[-0.508253612362978,9.500477983327528],[-0.4993666123548337,9.500752983327857]]]},"properties":{"NAME":"","F_CODE_DES":"Land Subject to Inundation","HYC_DESCRI":"Non-Perennial/Intermittent/Fluctuating"}},
{"type":"Feature","geometry":{"type":"Polygon","coordinates":[[[-0.508253612362978,9.500477983327528],[-0.5088976123636257,9.502936983329846],[-0.536817612389541,9.48829198331623],[-0.5309136123842109,9.472243983301269],[-0.508253612362978,9.500477983327528]]]},"properties":{"NAME":"","F_CODE_DES":"Land Subject to Inundation","HYC_DESCRI":"Non-Perennial/Intermittent/Fluctuating"}},
{"type":"Feature","geometry":{"type":"Polygon","coordinates":[[[-0.517417612371446,9.319061983158463],[-0.5248356123784106,9.341845983179837],[-0.554702612406345,9.32268298316194],[-0.6142116124617587,9.265509983108586],[-0.6159296124633329,9.29443998313559],[-0.5870726124364865,9.320492983159966],[-0.5739126124242375,9.343613983181513],[-0.5737556124240655,9.370728983206618],[-0.5542206124057429,9.403568983237165],[-0.5402976123928056,9.441863983272924],[-0.5036126123586655,9.473967983302828],[-0.4993666123548337,9.500752983327857],[-0.508253612362978,9.500477983327528],[-0.5309136123842109,9.472243983301269],[-0.5712816124216715,9.434273983265939],[-0.5784116124284537,9.41149298324467],[-0.5814606124311013,9.39775798323194],[-0.5844806124339357,9.39040698322492],[-0.5950996124438461,9.364527983200787],[-0.5925096124415177,9.35175098318905],[-0.6113516124589751,9.313668983153548],[-0.6411196124868184,9.305581983145885],[-0.6406756124863477,9.280121983122172],[-0.6427776124883167,9.255082983098873],[-0.645270612490549,9.232256983077605],[-0.6000166124483712,9.265068983108222],[-0.5836056124330753,9.266367983109376],[-0.5497996124017845,9.31262298315255],[-0.517417612371446,9.319061983158463]]]},"properties":{"NAME":"","F_CODE_DES":"Land Subject to Inundation","HYC_DESCRI":"Non-Perennial/Intermittent/Fluctuating"}},
{"type":"Feature","geometry":{"type":"Polygon","coordinates":[[[-0.5309136123842109,9.472243983301269],[-0.536817612389541,9.48829198331623],[-0.5572096124085419,9.463740983293292],[-0.5712816124216715,9.434273983265939],[-0.5309136123842109,9.472243983301269]]]},"properties":{"NAME":"","F_CODE_DES":"Land Subject to Inundation","HYC_DESCRI":"Non-Perennial/Intermittent/Fluctuating"}},
{"type":"Feature","geometry":null,"properties":{"NAME":"","F_CODE_DES":"Land Subject to Inundation","HYC_DESCRI":"Non-Perennial/Intermittent/Fluctuating"}},
{"type":"Feature","geometry":null,"properties":{"NAME":"","F_CODE_DES":"Land Subject to Inundation","HYC_DESCRI":"Non-Perennial/Intermittent/Fluctuating"}},
{"type":"Feature","geometry":{"type":"Polygon","coordinates":[[[-0.7101276125511049,9.411585983244777],[-0.7659146126029555,9.415441983248229],[-0.7709626126077183,9.406551983239979],[-0.7417456125804165,9.396753983230838],[-0.709686612550513,9.40786298324133],[-0.7101276125511049,9.411585983244777]]]},"properties":{"NAME":"","F_CODE_DES":"Land Subject to Inundation","HYC_DESCRI":"Non-Perennial/Intermittent/Fluctuating"}},
{"type":"Feature","geometry":{"type":"Polygon","coordinates":[[[-0.5950996124438461,9.364527983200787],[-0.6182106124654183,9.332096983170686],[-0.6384686124843029,9.363121983199562],[-0.6589796125033445,9.37575998321131],[-0.6833776125261011,9.40397798323761],[-0.7101276125511049,9.411585983244777],[-0.709686612550513,9.40786298324133],[-0.6931446125352068,9.379571983214873],[-0.6738936125173041,9.360429983197037],[-0.6458186124912118,9.337012983175327],[-0.6411196124868184,9.305581983145885],[-0.6113516124589751,9.313668983153548],[-0.5925096124415177,9.35175098318905],[-0.5950996124438461,9.364527983200787]]]},"properties":{"NAME":"","F_CODE_DES":"Land Subject to Inundation","HYC_DESCRI":"Non-Perennial/Intermittent/Fluctuating"}},
{"type":"Feature","geometry":{"type":"Polygon","coordinates":[[[-0.6931446125352068,9.379571983214873],[-0.709686612550513,9.40786298324133],[-0.7417456125804165,9.396753983230838],[-0.7709626126077183,9.406551983239979],[-0.7485196125867333,9.393123983227497],[-0.6931446125352068,9.379571983214873]]]},"properties":{"NAME":"","F_CODE_DES":"Land Subject to Inundation","HYC_DESCRI":"Non-Perennial/Intermittent/Fluctuating"}},
{"type":"Feature","geometry":null,"properties":{"NAME":"","F_CODE_DES":"Land Subject to Inundation","HYC_DESCRI":"Non-Perennial/Intermittent/Fluctuating"}},
{"type":"Feature","geometry":null,"properties":{"NAME":"","F_CODE_DES":"Land Subject to Inundation","HYC_DESCRI":"Non-Perennial/Intermittent/Fluctuating"}},
{"type":"Feature","geometry":{"type":"Polygon","coordinates":[[[-1.2547486130581547,9.344784983182535],[-1.2970656130976295,9.370662983206557],[-1.2979056130984645,9.360013983196723],[-1.253682613057208,9.318941983158538],[-1.2547486130581547,9.344784983182535]]]},"properties":{"NAME":"","F_CODE_DES":"Land Subject to Inundation","HYC_DESCRI":"Non-Perennial/Intermittent/Fluctuating"}},
{"type":"Feature","geometry":{"type":"Polygon","coordinates":[[[-0.6411196124868184,9.305581983145885],[-0.6458186124912118,9.337012983175327],[-0.6738936125173041,9.360429983197037],[-0.654235612498951,9.325722983164724],[-0.6542786124989561,9.289417983130988],[-0.6406756124863477,9.280121983122172],[-0.6411196124868184,9.305581983145885]]]},"properties":{"NAME":"","F_CODE_DES":"Land Subject to Inundation","HYC_DESCRI":"Non-Perennial/Intermittent/Fluctuating"}},
{"type":"Feature","geometry":{"type":"Polygon","coordinates":[[[-1.215004613021165,9.295951983137002],[-1.2547486130581547,9.344784983182535],[-1.253682613057208,9.318941983158538],[-1.2320516130371288,9.289782983131317],[-1.215004613021165,9.295951983137002]]]},"properties":{"NAME":"","F_CODE_DES":"Land Subject to Inundation","HYC_DESCRI":"Non-Perennial/Intermittent/Fluctuating"}},
{"type":"Feature","geometry":{"type":"Polygon","coordinates":[[[-0.6499826124950232,9.227882983073641],[-0.6253506124721753,9.22816598307395],[-0.517417612371446,9.319061983158463],[-0.5497996124017845,9.31262298315255],[-0.5836056124330753,9.266367983109376],[-0.6000166124483712,9.265068983108222],[-0.645270612490549,9.232256983077605],[-0.6499826124950232,9.227882983073641]]]},"properties":{"NAME":"","F_CODE_DES":"Land Subject to Inundation","HYC_DESCRI":"Non-Perennial/Intermittent/Fluctuating"}},
{"type":"Feature","geometry":{"type":"Polygon","coordinates":[[[-1.240110613044635,9.237859983082899],[-1.2087886130154857,9.23348398307894],[-1.2087776130153998,9.198561983046375],[-1.1758886129848634,9.160854983011177],[-1.1231596129357513,9.16062198301097],[-1.1096026129230268,9.184689983033422],[-1.1603016129702155,9.17116698302084],[-1.1574156129674975,9.197396983045337],[-1.1402936129516092,9.231622983077159],[-1.154256612964673,9.237874983082975],[-1.179838612988533,9.21364598306036],[-1.1933816130010655,9.223118983069298],[-1.199592613006871,9.271746983114554],[-1.215004613021165,9.295951983137002],[-1.2320516130371288,9.289782983131317],[-1.2480966130519846,9.277191983119565],[-1.240110613044635,9.237859983082899]]]},"properties":{"NAME":"","F_CODE_DES":"Land Subject to Inundation","HYC_DESCRI":"Non-Perennial/Intermittent/Fluctuating"}},
{"type":"Feature","geometry":{"type":"Polygon","coordinates":[[[-1.2480966130519846,9.277191983119565],[-1.2566816130599818,9.285519983127415],[-1.2691996130718053,9.219354983065614],[-1.31790061311699,9.261431983104785],[-1.3599576131562117,9.258099983101829],[-1.3522126131490495,9.233850983079265],[-1.2930596130938738,9.205247983052459],[-1.2738936130760976,9.190801983039137],[-1.3166796131158662,9.174140983023563],[-1.346783613143998,9.176946983026255],[-1.3460816131432694,9.159953983010382],[-1.325195613123924,9.154725983005392],[-1.2522386130558516,9.178879983028082],[-1.249654613053508,9.193928983042042],[-1.240110613044635,9.237859983082899],[-1.2480966130519846,9.277191983119565]]]},"properties":{"NAME":"","F_CODE_DES":"Land Subject to Inundation","HYC_DESCRI":"Non-Perennial/Intermittent/Fluctuating"}},
{"type":"Feature","geometry":{"type":"Polygon","coordinates":[[[-0.6427776124883167,9.255082983098873],[-0.6653546125094181,9.247018983091493],[-0.6499826124950232,9.227882983073641],[-0.645270612490549,9.232256983077605],[-0.6427776124883167,9.255082983098873]]]},"properties":{"NAME":"","F_CODE_DES":"Land Subject to Inundation","HYC_DESCRI":"Non-Perennial/Intermittent/Fluctuating"}},
{"type":"Feature","geometry":null,"properties":{"NAME":"","F_CODE_DES":"Land Subject to Inundation","HYC_DESCRI":"Non-Perennial/Intermittent/Fluctuating"}},
{"type":"Feature","geometry":{"type":"Polygon","coordinates":[[[-1.1671546129766739,9.008447982869257],[-1.1648766129744672,9.02959198288886],[-1.1893146129973502,9.059134982916476],[-1.189311612997244,9.09313598294807],[-1.2224746130282256,9.117509982970887],[-1.2641316130668656,9.120170982973377],[-1.3162496131155876,9.110277982964135],[-1.336882613134776,9.13067198298313],[-1.3842216131788518,9.14242798299415],[-1.3956466131894558,9.165243983015216],[-1.4180486132104306,9.179176983028356],[-1.4302436132215917,9.158788983009345],[-1.4135816132061336,9.144179982995638],[-1.3856476131802538,9.119479982972734],[-1.3800616131750303,9.121348982974496],[-1.3680786131637888,9.121513982974648],[-1.3469746131440843,9.095964982950818],[-1.3200696131191307,9.088435982943793],[-1.3059216131059657,9.088005982943287],[-1.2956966130964247,9.092071982947118],[-1.2746746130767406,9.098526982953217],[-1.247715613051696,9.103389982957651],[-1.2225216130282206,9.096857982951633],[-1.2044266130112646,9.08380298293946],[-1.1957316130033178,9.031988982891107],[-1.1809656129894393,9.014239982874642],[-1.1671546129766739,9.008447982869257]]]},"properties":{"NAME":"","F_CODE_DES":"Land Subject to Inundation","HYC_DESCRI":"Non-Perennial/Intermittent/Fluctuating"}},
{"type":"Feature","geometry":{"type":"Polygon","coordinates":[[[-0.13016961201083177,9.121332982974309],[-0.13972661201978553,9.144908982996412],[-0.13577861201611086,9.167000983017033],[-0.1621346120407452,9.166293983016203],[-0.1660536120443794,9.141444982993107],[-0.18110161205822806,9.119707982972841],[-0.17806461205555024,9.10411998295831],[-0.14599961202566192,9.125064982977847],[-0.13016961201083177,9.121332982974309]]]},"properties":{"NAME":"","F_CODE_DES":"Land Subject to Inundation","HYC_DESCRI":"Non-Perennial/Intermittent/Fluctuating"}},
{"type":"Feature","geometry":{"type":"Polygon","coordinates":[[[-0.9930926128145074,9.143115982994686],[-1.014250612834303,9.143624982995107],[-1.0601256128770729,9.115019982968533],[-1.0779426128935938,9.13363198298589],[-1.0876006129026337,9.164753983014862],[-1.1180296129309681,9.122549982975443],[-1.0784056128939028,9.057971982915433],[-1.0509656128683673,9.087114982942467],[-1.0304846128494773,9.095605982950474],[-0.9930926128145074,9.143115982994686]]]},"properties":{"NAME":"","F_CODE_DES":"Land Subject to Inundation","HYC_DESCRI":"Non-Perennial/Intermittent/Fluctuating"}},
{"type":"Feature","geometry":{"type":"Polygon","coordinates":[[[-0.6362706124821216,9.132247982984609],[-0.6374726124834069,9.15589198300654],[-0.6533056124981158,9.161235983011466],[-0.6505226124954788,9.129520982982058],[-0.6362706124821216,9.132247982984609]]]},"properties":{"NAME":"","F_CODE_DES":"Land Subject to Inundation","HYC_DESCRI":"Non-Perennial/Intermittent/Fluctuating"}},
{"type":"Feature","geometry":{"type":"Polygon","coordinates":[[[-0.6505226124954788,9.129520982982058],[-0.6533056124981158,9.161235983011466],[-0.6673596125112908,9.140852982992556],[-0.674419612517795,9.071854982928244],[-0.6730356125165144,9.047521982905664],[-0.6656146125096711,9.088490982943767],[-0.6505226124954788,9.129520982982058]]]},"properties":{"NAME":"","F_CODE_DES":"Land Subject to Inundation","HYC_DESCRI":"Non-Perennial/Intermittent/Fluctuating"}},
{"type":"Feature","geometry":{"type":"Polygon","coordinates":[[[-1.3856476131802538,9.119479982972734],[-1.4135816132061336,9.144179982995638],[-1.4135716132061589,9.125018982977736],[-1.4385396132292954,9.124669982977593],[-1.4748856132632682,9.111751982965416],[-1.4881256132755425,9.100076982954533],[-1.4637716132529022,9.078826982934743],[-1.4331096132243601,9.100852982955303],[-1.422218613214227,9.083085982938883],[-1.3856476131802538,9.119479982972734]]]},"properties":{"NAME":"","F_CODE_DES":"Land Subject to Inundation","HYC_DESCRI":"Non-Perennial/Intermittent/Fluctuating"}},
{"type":"Feature","geometry":{"type":"Polygon","coordinates":[[[-0.9837996128057966,9.0860569829415],[-1.0037766128245948,9.120321982973564],[-0.9930926128145074,9.143115982994686],[-1.0304846128494773,9.095605982950474],[-0.9837996128057966,9.0860569829415]]]},"properties":{"NAME":"","F_CODE_DES":"Land Subject to Inundation","HYC_DESCRI":"Non-Perennial/Intermittent/Fluctuating"}},
{"type":"Feature","geometry":{"type":"Polygon","coordinates":[[[-0.6730356125165144,9.047521982905664],[-0.6557096125002317,9.053226982910928],[-0.6536426124985155,9.074384982930724],[-0.6362706124821216,9.132247982984609],[-0.6505226124954788,9.129520982982058],[-0.6656146125096711,9.088490982943767],[-0.6730356125165144,9.047521982905664]]]},"properties":{"NAME":"","F_CODE_DES":"Land Subject to Inundation","HYC_DESCRI":"Non-Perennial/Intermittent/Fluctuating"}},
{"type":"Feature","geometry":{"type":"Polygon","coordinates":[[[3.8811026570328977e-7,7.80982398175297],[-0.012154611900996315,7.7931879817374465],[-0.038640611925757185,7.7896769817341465],[-0.060719611946296936,7.775609981721118],[-0.07880361196293961,7.817597981760173],[-0.07771661196193236,7.841716981782611],[-0.08952661197304224,7.863506981802857],[-0.0803456119645034,7.876391981815004],[-0.09238861197559345,7.899097981836121],[-0.0945326119776837,7.9248139818600976],[-0.08443561196827432,7.940226981874503],[-0.09442061197751173,7.968218981900463],[-0.11264161199460432,7.974141981906087],[-0.11269961199468526,7.995268981925619],[-0.15340161203243952,8.035821981963409],[-0.18509761206200892,8.0252529819536],[-0.23182361210547242,8.051276981977935],[-0.2607626121325666,8.097858982021307],[-0.30524361217385376,8.128480982049723],[-0.34700461221291334,8.1361699820568],[-0.33020661219711656,8.192764982109566],[-0.309964612178419,8.169520982087988],[-0.26813061213943,8.18133498209886],[-0.24783361212053023,8.178742982096537],[-0.2221686120965387,8.19615898211282],[-0.19983061207585706,8.168792982087325],[-0.18252361205964007,8.19440198211123],[-0.19949661207556346,8.213548982128941],[-0.23288561210665648,8.210532982126097],[-0.25482961212696864,8.217014982132241],[-0.2691046121403815,8.243524982156941],[-0.2888836121587701,8.238774982152336],[-0.3228976121904452,8.255022982167475],[-0.31989461218768156,8.226816982141372],[-0.33315561220001655,8.214542982129842],[-0.3663206122307656,8.239285982152978],[-0.3993856122615398,8.25185898216455],[-0.4181026122789717,8.231272982145356],[-0.3951106122576675,8.2108129821263],[-0.3944876122570804,8.192226982109105],[-0.4129606122742189,8.170496982088935],[-0.4326366122925265,8.180884982098632],[-0.47252261232983983,8.183751982101285],[-0.48554461234175506,8.196948982113554],[-0.521664612375389,8.19088998210782],[-0.5746686124248299,8.216346982131654],[-0.5720786124225015,8.259748982171914],[-0.637891612483827,8.321113982229235],[-0.6471746124923357,8.351556982257534],[-0.665931612509894,8.33622998224314],[-0.68819761253053,8.350020982255955],[-0.7064546125475317,8.377851982281982],[-0.7523036125903673,8.397378982300097],[-0.7628686126001867,8.439055982338914],[-0.7591256125965629,8.456769982355581],[-0.8023946126370447,8.470346982368028],[-0.8358796126681227,8.496642982392586],[-0.8320116126644734,8.524231982418314],[-0.8007246126353493,8.532809982426215],[-0.7930026126282428,8.56755498245866],[-0.7355036125745755,8.586026982475914],[-0.7096686125505585,8.610385982498428],[-0.7291456125688001,8.619611982507195],[-0.751939612589922,8.614338982502204],[-0.7685296126053345,8.657572982542433],[-0.7881826126238138,8.68378598256686],[-0.8244456126574278,8.685950982569011],[-0.8001376126348987,8.724311982604604],[-0.7820036126179275,8.734594982614226],[-0.7932996126285161,8.755608982633703],[-0.8133966126472387,8.73405398261366],[-0.819881612653262,8.713551982594709],[-0.8503066126816066,8.70888298259024],[-0.8553966126862633,8.687705982570606],[-0.8441056126757758,8.667382982551544],[-0.8070936126414381,8.659487982544306],[-0.7923296126275545,8.614859982502594],[-0.811181612645214,8.585282982475064],[-0.8374176126694692,8.578590982468995],[-0.842738612674566,8.557643982449463],[-0.8661296126963407,8.543860982436627],[-0.8902766127187078,8.58034998247058],[-0.9177036127443898,8.642520982528367],[-0.9405136127654714,8.660422982545242],[-0.977084612799672,8.669912982554024],[-0.9913826128129131,8.711094982592385],[-0.9820216128041466,8.741964982621084],[-0.9905346128120982,8.781602982657887],[-1.0262806128455395,8.798444982673573],[-1.0183126128381446,8.829761982702848],[-1.0360806128546756,8.828422982701568],[-1.0362486128547062,8.801781982676857],[-1.0933246129079635,8.845943982717927],[-1.107445612921083,8.848773982720559],[-1.1486016129592826,8.912852982780123],[-1.1576696129677657,8.938015982803563],[-1.1094016129229658,9.001027982862297],[-1.0896786129044358,9.035009982894053],[-1.0993066129135514,9.04845598290649],[-1.1242876129367687,9.110889982964636],[-1.1325466129444521,9.08507198294069],[-1.1264836129387277,9.039886982898452],[-1.137209612948709,9.007609982868416],[-1.1654306129751149,8.96985498283334],[-1.1671546129766739,9.008447982869257],[-1.1809656129894393,9.014239982874642],[-1.1743116129832742,8.994577982856299],[-1.1792746129879106,8.948108982812983],[-1.1684146129778128,8.908037982775795],[-1.1730876129822718,8.89259698276146],[-1.1452166129561192,8.879588982749283],[-1.1033786129173677,8.815977982689901],[-1.1379786129493823,8.80995798268441],[-1.1749716129838816,8.815867982689952],[-1.1864176129945463,8.80794598268244],[-1.1811896129897832,8.805175982679884],[-1.151007612961621,8.794566982670176],[-1.1340936129458896,8.799506982674757],[-1.07851161289409,8.802011982676959],[-1.0467116128645557,8.787430982663409],[-1.0336726128523424,8.756798982634791],[-1.0107256128310382,8.727651982607767],[-1.0149836128348397,8.694998982577317],[-1.0393566128575458,8.707135982588625],[-1.090514612905281,8.699001982580967],[-1.128191612940327,8.682970982566076],[-1.2043486130112342,8.68142498256475],[-1.2241436130298098,8.676605982560204],[-1.260976613064031,8.6876629825706],[-1.281216613082961,8.700745982582703],[-1.286824613088129,8.72571098260596],[-1.3185556131177236,8.734063982613634],[-1.3534116131502287,8.771311982648513],[-1.352037613148923,8.819409982693287],[-1.3651066131610605,8.84006898271241],[-1.3871306131816254,8.846693982718534],[-1.3876716131819649,8.841067982713412],[-1.3791926131741548,8.821067982694785],[-1.361302613157477,8.812324982686505],[-1.3769356131720087,8.787794982663854],[-1.4109356132037192,8.773604982650568],[-1.44192561323257,8.777361982654156],[-1.4860746132737859,8.762578982640207],[-1.5133346132990937,8.727563982607762],[-1.514842613300516,8.701136982582966],[-1.5423106133259807,8.682879982565964],[-1.616054613394681,8.673443982557274],[-1.6426496134195077,8.677233982560892],[-1.6536986134296967,8.692245982574832],[-1.673966613448556,8.688765982571567],[-1.6259696134038677,8.655174982540302],[-1.587656613368381,8.65543698254055],[-1.545708613329225,8.642192982528059],[-1.511891613297621,8.686935982569821],[-1.5001766132868397,8.727727982607803],[-1.4812736132691953,8.748170982626789],[-1.4084966132013506,8.763070982640784],[-1.3537356131503202,8.741224982620452],[-1.3389326131366488,8.720044982600712],[-1.2939056130946938,8.700137982582191],[-1.270503613072833,8.67354498255736],[-1.2133036130196615,8.657671982542524],[-1.1809076129893583,8.670439982554399],[-1.1788676129874602,8.640786982526834],[-1.1723466129815279,8.63700398252331],[-1.1714906129807332,8.636174982522562],[-1.168406612977833,8.602777982491489],[-1.1582206129683073,8.564383982455638],[-1.1387736129502173,8.578836982469056],[-1.153376612963939,8.624824982511882],[-1.1527176129632153,8.647794982533469],[-1.1358706129474285,8.668188982552465],[-1.109957612923381,8.683172982566248],[-1.0754476128911392,8.693425982575945],[-1.0449316128629107,8.68939498257214],[-1.0074966128279357,8.664767982549165],[-0.9959376128172153,8.641929982527927],[-0.9566936127805548,8.641195982527279],[-0.937500612762733,8.616138982503799],[-0.8951556127233289,8.517849982412372],[-0.8751476127047226,8.501754982397415],[-0.8175616126511613,8.442416982342138],[-0.8023446126369436,8.420299982321467],[-0.8014486126360225,8.377611982281678],[-0.7908486126261778,8.3781759822823],[-0.7678886126047928,8.342133982248697],[-0.7744306126110132,8.327837982235451],[-0.7424956125812514,8.292571982202617],[-0.723272612563278,8.283347982193845],[-0.7080246125490248,8.256410982168973],[-0.6749126125182556,8.240430982154066],[-0.6502736124953117,8.218629982133734],[-0.6451926124905185,8.193431982110269],[-0.6243046124711782,8.201888982118135],[-0.600040612448538,8.194539982111337],[-0.6149816124623158,8.14230498206257],[-0.6398196124855531,8.16180998208074],[-0.6641716125081985,8.154696982074256],[-0.7138186125544053,8.119568982041528],[-0.7331416125723536,8.116856982038826],[-0.739356612578149,8.139516982060059],[-0.7617196125991086,8.141133982061547],[-0.780297612616323,8.110199982032782],[-0.7466336125851285,8.106857982029624],[-0.7294596125689168,8.093944982017547],[-0.6867936125292999,8.112024982034427],[-0.6623096125065331,8.10514398202804],[-0.6404256124860694,8.128985982050153],[-0.6229116124698066,8.104136982027057],[-0.5924846124414671,8.101892982024992],[-0.5656106124163216,8.109941982032524],[-0.5564126124079394,8.136415982057088],[-0.5611116124123328,8.171026982089415],[-0.5088116123636155,8.120549982042348],[-0.5344376123873644,8.076718982001466],[-0.5357766123886449,8.047104981973916],[-0.5064086123613833,8.059070981985087],[-0.5042786123592577,8.078135982002777],[-0.4660096123236599,8.099813982023079],[-0.42523661228574383,8.099478982022674],[-0.4226706122833548,8.069668981994937],[-0.40717461226881824,8.062228981988028],[-0.37379661223781113,8.064116981989855],[-0.36167561222646327,8.02039198194916],[-0.39305061225581994,7.999999981930159],[-0.41535461227658743,7.999999981930159],[-0.4615566123195549,7.982583981913876],[-0.41265861227407186,7.968490981900686],[-0.36896661223318006,7.999999981930159],[-0.3408966122071888,8.013909981943016],[-0.332756612199546,8.031645981959628],[-0.34283861220887957,8.07975098200427],[-0.33060761219758206,8.104175982027073],[-0.30746161217598456,8.090826982014732],[-0.30478661217352965,8.073867981998774],[-0.2625946121343077,8.040476981967686],[-0.24500361211789823,8.001378981931339],[-0.22420161209856815,7.983261981914438],[-0.19033961206696404,7.9877159819186545],[-0.17947061205677528,7.974426981906163],[-0.20419961207994675,7.919014981854616],[-0.17060661204845928,7.936557981870919],[-0.15548761203444883,7.88630198182409],[-0.1594986120383055,7.837600981778905],[-0.1260586120070002,7.8262049817681145],[-0.1390836120192489,7.787582981732157],[-0.1613796120400366,7.769148981715034],[-0.14566861202524706,7.7528809816999456],[-0.16790961204605992,7.715380981665021],[-0.1999126120758774,7.709092981659069],[-0.20849061208377861,7.7281359816768145],[-0.2676866121389594,7.724757981673747],[-0.2590616121308358,7.690323981641768],[-0.2863716121564721,7.655559981609258],[-0.3589426122239274,7.659029981612548],[-0.4063806122680944,7.6540679816077954],[-0.4240496122845343,7.632420981587757],[-0.45494161231340513,7.6405989815953035],[-0.4656866123234522,7.614835981571332],[-0.49774261235324957,7.6269149815825585],[-0.5400496123925222,7.603581981560865],[-0.5450146123971535,7.572548981532009],[-0.5790816124290359,7.5660099815258945],[-0.6371246124829213,7.566054981525895],[-0.6488026124939097,7.546028981507334],[-0.5861916124356412,7.557026981517538],[-0.5369036123897786,7.557410981517933],[-0.518308612372266,7.5760779815352635],[-0.5160616123703221,7.593545981551642],[-0.4700046123273296,7.596672981554548],[-0.4617996123197372,7.571053981530667],[-0.4414876123007616,7.610542981567278],[-0.41569261227687093,7.61153798156829],[-0.36621161223069976,7.625467981581323],[-0.30535861217413185,7.61116798156786],[-0.2658136121372081,7.6360899815911125],[-0.234002612107588,7.628365981584011],[-0.22119561209569838,7.660103981613474],[-0.18659861206333517,7.644574981599135],[-0.12395061200504642,7.647036981601332],[-0.10534161198779657,7.665234981618369],[-0.08022961196434153,7.663920981617139],[-0.05507261194088642,7.645605981600056],[-0.06170261194711202,7.627209981582837],[-0.0298916119174919,7.618100981574344],[3.8811026570328977e-7,7.591985981550124],[3.8811026570328977e-7,7.773087981718845],[3.8811026570328977e-7,7.783722981728715],[3.8811026570328977e-7,7.80982398175297]],[[-0.020563611908755774,7.749524981696823],[-0.011084611900059826,7.736684981684903],[-0.010778611899695534,7.707970981658036],[-0.02851361191619617,7.706778981656953],[-0.03042961191795257,7.734108981682539],[-0.020563611908755774,7.749524981696823]]]},"properties":{"NAME":"LAKE VOLTA","F_CODE_DES":"Inland Water","HYC_DESCRI":"Perennial/Permanent"}},
{"type":"Feature","geometry":{"type":"Polygon","coordinates":[[[-0.13016961201083177,9.121332982974309],[-0.14599961202566192,9.125064982977847],[-0.17806461205555024,9.10411998295831],[-0.13016961201083177,9.121332982974309]]]},"properties":{"NAME":"","F_CODE_DES":"Land Subject to Inundation","HYC_DESCRI":"Non-Perennial/Intermittent/Fluctuating"}},
{"type":"Feature","geometry":null,"properties":{"NAME":"","F_CODE_DES":"Land Subject to Inundation","HYC_DESCRI":"Non-Perennial/Intermittent/Fluctuating"}},
{"type":"Feature","geometry":null,"properties":{"NAME":"","F_CODE_DES":"Land Subject to Inundation","HYC_DESCRI":"Non-Perennial/Intermittent/Fluctuating"}},
{"type":"Feature","geometry":{"type":"Polygon","coordinates":[[[-1.1809656129894393,9.014239982874642],[-1.1957316130033178,9.031988982891107],[-1.2044266130112646,9.08380298293946],[-1.2225216130282206,9.096857982951633],[-1.2126656130189986,9.076286982932515],[-1.232399613037387,9.065457982922453],[-1.2748526130769733,9.059377982916658],[-1.2824306130839886,9.039059982897697],[-1.2127656130192008,9.049637982907598],[-1.217993613023964,9.026135982885762],[-1.2369096130416892,8.989590982851723],[-1.1743116129832742,8.994577982856299],[-1.1809656129894393,9.014239982874642]]]},"properties":{"NAME":"","F_CODE_DES":"Land Subject to Inundation","HYC_DESCRI":"Non-Perennial/Intermittent/Fluctuating"}},
{"type":"Feature","geometry":{"type":"Polygon","coordinates":[[[-1.3200696131191307,9.088435982943793],[-1.3469746131440843,9.095964982950818],[-1.366443613162346,9.095346982950105],[-1.3992186131927156,9.05905498291645],[-1.4326136132237934,9.066399982923258],[-1.4406886132314867,9.049286982907233],[-1.433424613224588,9.026415982885965],[-1.4055806131987083,9.01899398287901],[-1.38231961317706,8.976130982839095],[-1.363984613160028,8.986950982849294],[-1.375291613170475,9.034575982893557],[-1.3696206131651252,9.05854598291603],[-1.3537206131504718,9.07852198293449],[-1.3248926131236658,9.083526982939247],[-1.3200696131191307,9.088435982943793]]]},"properties":{"NAME":"","F_CODE_DES":"Land Subject to Inundation","HYC_DESCRI":"Non-Perennial/Intermittent/Fluctuating"}},
{"type":"Feature","geometry":{"type":"Polygon","coordinates":[[[-1.3059216131059657,9.088005982943287],[-1.3200696131191307,9.088435982943793],[-1.3248926131236658,9.083526982939247],[-1.3059216131059657,9.088005982943287]]]},"properties":{"NAME":"","F_CODE_DES":"Land Subject to Inundation","HYC_DESCRI":"Non-Perennial/Intermittent/Fluctuating"}},
{"type":"Feature","geometry":{"type":"Polygon","coordinates":[[[-0.9837996128057966,9.0860569829415],[-1.0304846128494773,9.095605982950474],[-1.0509656128683673,9.087114982942467],[-1.0784056128939028,9.057971982915433],[-1.0536506128710244,9.043884982902227],[-1.03291661285175,9.085037982940548],[-1.0171986128370918,9.08523598294073],[-1.003069612823765,9.065195982922205],[-0.9837996128057966,9.0860569829415]]]},"properties":{"NAME":"","F_CODE_DES":"Land Subject to Inundation","HYC_DESCRI":"Non-Perennial/Intermittent/Fluctuating"}},
{"type":"Feature","geometry":{"type":"Polygon","coordinates":[[[-1.4051866131983388,8.933261982799195],[-1.432491613223874,8.961648982825636],[-1.4218766132139535,8.994875982856684],[-1.4450436132353843,8.998686982860136],[-1.4617636132509233,8.972262982835673],[-1.4532066132430828,8.955844982820281],[-1.448476613238654,8.916401982783555],[-1.408321613201224,8.884055982753353],[-1.4139646132064172,8.924228982790737],[-1.4051866131983388,8.933261982799195]]]},"properties":{"NAME":"","F_CODE_DES":"Land Subject to Inundation","HYC_DESCRI":"Non-Perennial/Intermittent/Fluctuating"}},
{"type":"Feature","geometry":{"type":"Polygon","coordinates":[[[-0.6337096124798336,8.939490982804955],[-0.6523066124971137,8.958624982822812],[-0.709120612550123,8.916635982783646],[-0.7154246125560348,8.941831982807116],[-0.6753526125187364,8.953311982817922],[-0.6682306125119339,8.976821982839738],[-0.7009236125425105,8.966344982830151],[-0.7250996125649181,8.984256982846773],[-0.7344326125737553,8.942208982807642],[-0.7453596125837976,8.933066982799119],[-0.7413356125800874,8.920498982787421],[-0.7381426125771213,8.911975982779495],[-0.7371486125762203,8.899542982767798],[-0.7084056125493134,8.90364598277165],[-0.6785336125215053,8.920007982786956],[-0.6490416124941021,8.92832498279472],[-0.6337096124798336,8.939490982804955]]]},"properties":{"NAME":"","F_CODE_DES":"Land Subject to Inundation","HYC_DESCRI":"Non-Perennial/Intermittent/Fluctuating"}},
{"type":"Feature","geometry":{"type":"Polygon","coordinates":[[[-0.7453596125837976,8.933066982799119],[-0.7344326125737553,8.942208982807642],[-0.7250996125649181,8.984256982846773],[-0.745128612583585,8.952515982817204],[-0.7453596125837976,8.933066982799119]]]},"properties":{"NAME":"","F_CODE_DES":"Land Subject to Inundation","HYC_DESCRI":"Non-Perennial/Intermittent/Fluctuating"}},
{"type":"Feature","geometry":{"type":"Polygon","coordinates":[[[-1.352037613148923,8.819409982693287],[-1.332377613130575,8.842671982714819],[-1.3584496131547894,8.889630982758717],[-1.363453613159436,8.916666982783681],[-1.357054613153423,8.954426982818859],[-1.3691916131647304,8.962988982827028],[-1.3857796131803752,8.926924982793253],[-1.4051866131983388,8.933261982799195],[-1.4139646132064172,8.924228982790737],[-1.408321613201224,8.884055982753353],[-1.406277613199336,8.870531982740886],[-1.402352613195717,8.857785982728956],[-1.3886326131828355,8.847137982719005],[-1.3871306131816254,8.846693982718534],[-1.3651066131610605,8.84006898271241],[-1.352037613148923,8.819409982693287]]]},"properties":{"NAME":"","F_CODE_DES":"Land Subject to Inundation","HYC_DESCRI":"Non-Perennial/Intermittent/Fluctuating"}},
{"type":"Feature","geometry":{"type":"Polygon","coordinates":[[[-0.21576661209064696,8.935206982800992],[-0.2422266121152461,8.944079982809399],[-0.257907612129884,8.918973982785928],[-0.2517516121240533,8.91109498277865],[-0.24035461211360598,8.930017982796244],[-0.21576661209064696,8.935206982800992]]]},"properties":{"NAME":"","F_CODE_DES":"Land Subject to Inundation","HYC_DESCRI":"Non-Perennial/Intermittent/Fluctuating"}},
{"type":"Feature","geometry":{"type":"Polygon","coordinates":[[[-0.6483366124934946,8.926953982793293],[-0.6337096124798336,8.939490982804955],[-0.6490416124941021,8.92832498279472],[-0.6483366124934946,8.926953982793293]]]},"properties":{"NAME":"","F_CODE_DES":"Land Subject to Inundation","HYC_DESCRI":"Non-Perennial/Intermittent/Fluctuating"}},
{"type":"Feature","geometry":{"type":"Polygon","coordinates":[[[-0.28504661215515625,8.88642898275566],[-0.27208961214296323,8.881311982750958],[-0.2454696121183133,8.899028982767277],[-0.21576661209064696,8.935206982800992],[-0.24035461211360598,8.930017982796244],[-0.2517516121240533,8.91109498277865],[-0.25117261212358244,8.896859982765363],[-0.28504661215515625,8.88642898275566]]]},"properties":{"NAME":"","F_CODE_DES":"Land Subject to Inundation","HYC_DESCRI":"Non-Perennial/Intermittent/Fluctuating"}},
{"type":"Feature","geometry":{"type":"Polygon","coordinates":[[[-0.6483366124934946,8.926953982793293],[-0.6490416124941021,8.92832498279472],[-0.6785336125215053,8.920007982786956],[-0.6719946125156184,8.908643982776312],[-0.6483366124934946,8.926953982793293]]]},"properties":{"NAME":"","F_CODE_DES":"Land Subject to Inundation","HYC_DESCRI":"Non-Perennial/Intermittent/Fluctuating"}},
{"type":"Feature","geometry":null,"properties":{"NAME":"","F_CODE_DES":"Land Subject to Inundation","HYC_DESCRI":"Non-Perennial/Intermittent/Fluctuating"}},
{"type":"Feature","geometry":{"type":"Polygon","coordinates":[[[-0.6719946125156184,8.908643982776312],[-0.6785336125215053,8.920007982786956],[-0.7084056125493134,8.90364598277165],[-0.7371486125762203,8.899542982767798],[-0.7484586125867736,8.872948982743083],[-0.774859612611408,8.836769982709484],[-0.7716426126082752,8.812557982686712],[-0.7306516125702274,8.861723982732656],[-0.7167096125572243,8.894039982762706],[-0.6719946125156184,8.908643982776312]]]},"properties":{"NAME":"","F_CODE_DES":"Land Subject to Inundation","HYC_DESCRI":"Non-Perennial/Intermittent/Fluctuating"}},
{"type":"Feature","geometry":{"type":"Polygon","coordinates":[[[-0.2517516121240533,8.91109498277865],[-0.257907612129884,8.918973982785928],[-0.2843256121543618,8.903241982771306],[-0.28504661215515625,8.88642898275566],[-0.25117261212358244,8.896859982765363],[-0.2517516121240533,8.91109498277865]]]},"properties":{"NAME":"","F_CODE_DES":"Land Subject to Inundation","HYC_DESCRI":"Non-Perennial/Intermittent/Fluctuating"}},
{"type":"Feature","geometry":{"type":"Polygon","coordinates":[[[-0.774859612611408,8.836769982709484],[-0.7484586125867736,8.872948982743083],[-0.771241612608037,8.856201982727498],[-0.774859612611408,8.836769982709484]]]},"properties":{"NAME":"","F_CODE_DES":"Land Subject to Inundation","HYC_DESCRI":"Non-Perennial/Intermittent/Fluctuating"}},
{"type":"Feature","geometry":{"type":"Polygon","coordinates":[[[-1.402352613195717,8.857785982728956],[-1.406277613199336,8.870531982740886],[-1.4707436132594012,8.858663982729695],[-1.4483126132386133,8.841063982713422],[-1.402352613195717,8.857785982728956]]]},"properties":{"NAME":"","F_CODE_DES":"Land Subject to Inundation","HYC_DESCRI":"Non-Perennial/Intermittent/Fluctuating"}},
{"type":"Feature","geometry":{"type":"Polygon","coordinates":[[[-2.583324614295634,8.771911982649044],[-2.5494996142640503,8.753543982631754],[-2.544601614259591,8.736629982616023],[-2.5151646142321624,8.715747982596667],[-2.4856836142046177,8.663632982548052],[-2.434097614156599,8.613936982501855],[-2.4263636141492952,8.578007982468307],[-2.4090096141333106,8.575066982465614],[-2.4265686141495735,8.619336982506866],[-2.4484216141700017,8.643331982529162],[-2.471196614191058,8.652842982538004],[-2.515289614232188,8.723324982603799],[-2.5397916142551367,8.739003982618215],[-2.5472716142619447,8.75840398263631],[-2.583324614295634,8.771911982649044]]]},"properties":{"NAME":"BLACK VOLTA","F_CODE_DES":"Inland Water","HYC_DESCRI":"Perennial/Permanent"}},
{"type":"Feature","geometry":{"type":"Polygon","coordinates":[[[-1.1379786129493823,8.80995798268441],[-1.165572612975211,8.840307982712602],[-1.1825756129910587,8.833653982706437],[-1.2062806130131776,8.844366982716338],[-1.2189016130248547,8.821231982694826],[-1.2477906130518477,8.798734982673977],[-1.2111466130177178,8.808797982683245],[-1.2064716130132638,8.807392982681904],[-1.1864176129945463,8.80794598268244],[-1.1749716129838816,8.815867982689952],[-1.1379786129493823,8.80995798268441]]]},"properties":{"NAME":"","F_CODE_DES":"Land Subject to Inundation","HYC_DESCRI":"Non-Perennial/Intermittent/Fluctuating"}},
{"type":"Feature","geometry":{"type":"Polygon","coordinates":[[[-1.3871306131816254,8.846693982718534],[-1.3886326131828355,8.847137982719005],[-1.3876716131819649,8.841067982713412],[-1.3871306131816254,8.846693982718534]]]},"properties":{"NAME":"","F_CODE_DES":"Land Subject to Inundation","HYC_DESCRI":"Non-Perennial/Intermittent/Fluctuating"}},
{"type":"Feature","geometry":{"type":"Polygon","coordinates":[[[-0.565236612416129,8.804503982679307],[-0.5893446124384809,8.826562982699897],[-0.6168736124641327,8.810182982684637],[-0.6245466124712493,8.794478982669943],[-0.6160276124633128,8.773699982650669],[-0.5923536124412294,8.797025982672267],[-0.565236612416129,8.804503982679307]]]},"properties":{"NAME":"","F_CODE_DES":"Land Subject to Inundation","HYC_DESCRI":"Non-Perennial/Intermittent/Fluctuating"}},
{"type":"Feature","geometry":{"type":"Polygon","coordinates":[[[-1.2477906130518477,8.798734982673977],[-1.232717613037721,8.784299982660514],[-1.2111466130177178,8.808797982683245],[-1.2477906130518477,8.798734982673977]]]},"properties":{"NAME":"","F_CODE_DES":"Land Subject to Inundation","HYC_DESCRI":"Non-Perennial/Intermittent/Fluctuating"}},
{"type":"Feature","geometry":{"type":"Polygon","coordinates":[[[-1.1811896129897832,8.805175982679884],[-1.1864176129945463,8.80794598268244],[-1.2064716130132638,8.807392982681904],[-1.2155936130218379,8.781770982658145],[-1.2039366130109102,8.773656982650664],[-1.1811896129897832,8.805175982679884]]]},"properties":{"NAME":"","F_CODE_DES":"Land Subject to Inundation","HYC_DESCRI":"Non-Perennial/Intermittent/Fluctuating"}},
{"type":"Feature","geometry":{"type":"Polygon","coordinates":[[[-0.6160276124633128,8.773699982650669],[-0.5826976124324119,8.769677982646954],[-0.5621386124132641,8.789653982665413],[-0.565236612416129,8.804503982679307],[-0.5923536124412294,8.797025982672267],[-0.6160276124633128,8.773699982650669]]]},"properties":{"NAME":"","F_CODE_DES":"Land Subject to Inundation","HYC_DESCRI":"Non-Perennial/Intermittent/Fluctuating"}},
{"type":"Feature","geometry":null,"properties":{"NAME":"","F_CODE_DES":"Land Subject to Inundation","HYC_DESCRI":"Non-Perennial/Intermittent/Fluctuating"}},
{"type":"Feature","geometry":{"type":"Polygon","coordinates":[[[0.14440938824486693,6.6108419806362235],[0.16368038826271913,6.62717998065159],[0.18903738828635142,6.606078980631992],[0.19935938829598854,6.619210980644084],[0.222617388317758,6.609832980635474],[0.23200938832633256,6.6271009806514485],[0.29587838838597236,6.666559980688135],[0.3119003884007725,6.703845980722917],[0.2996323883894547,6.736702980753535],[0.3236943884116954,6.780671980794523],[0.304796388394152,6.793966980806772],[0.289023388379519,6.747487980763481],[0.29182338838222677,6.730477980747764],[0.2841143883749737,6.679872980700566],[0.25977438835229805,6.658894980680998],[0.23169538832621583,6.663203980685012],[0.2279363883226324,6.696308980715912],[0.2375513883316671,6.717484980735662],[0.2375683883315105,6.809460980821314],[0.22533138832022814,6.826908980837516],[0.2137343883093763,6.865739980873741],[0.2159873883115324,6.8866669808930965],[0.2308863883254162,6.911989980916815],[0.2266853883213571,6.937270980940411],[0.24803338834135502,6.961454980962799],[0.27316638836464335,6.941277980944051],[0.2786333883698262,6.9663499809673795],[0.2552573883481273,7.02285198102004],[0.25471838834755545,7.056872981051811],[0.273140388364709,7.053923981048911],[0.2905463883810171,7.092808981085227],[0.30844438839767463,7.118130981108834],[0.25870038835137166,7.127450981117363],[0.2733743883650277,7.1532259811415315],[0.28226938837315174,7.1900199811757375],[0.2760093883673562,7.209084981193428],[0.29647138838640785,7.221767981205176],[0.26213538835440886,7.235716981218275],[0.264133388356413,7.2681269812485425],[0.2748973883662984,7.2934309812719675],[0.31149238840043836,7.299940981278041],[0.27045138836228944,7.324675981301198],[0.2755713883670978,7.401900981373046],[0.28936738837978737,7.411351981381813],[0.28125838837218,7.432704981401685],[0.30714838839639924,7.492042981456962],[0.30665538839593864,7.50651698147044],[0.32523838841325414,7.5391809815009765],[0.2801473883712333,7.516341981479627],[0.27861238836976554,7.482332981448053],[0.25147538834448824,7.4657309814324435],[0.23373038832801285,7.471207981437601],[0.22808238832271854,7.522433981485392],[0.20591238830206748,7.548118981509333],[0.22337538831834536,7.565847981525621],[0.2714973883632865,7.572843981532287],[0.2722253883639496,7.6578499816114345],[0.2645703883567876,7.681035981632931],[0.28273038837369313,7.697842981648591],[0.2796643883707475,7.729077981677847],[0.28838638837896724,7.743337981690956],[0.2586203883511189,7.764177981710418],[0.2636313883558614,7.78899698173359],[0.2205233883157689,7.7996989817436315],[0.20759138830362645,7.812532981755567],[0.23609938833033084,7.838778981780024],[0.23389738832815965,7.893895981831292],[0.22395238831882125,7.9097209818460215],[0.1984943882951029,7.859827981799526],[0.16497538826388336,7.809681981752874],[0.16827438826703656,7.874918981813607],[0.1783333882763145,7.908012981844422],[0.1605533882598138,7.923359981858766],[0.13572438823666744,7.9003379818373105],[0.10968838821258942,7.899588981836587],[0.1326443882339845,7.934779981869269],[0.0999033882033018,7.942512981876462],[0.09641938820004725,7.953757981887065],[0.13228538823364033,7.986907981917966],[0.12448238822616986,8.011637981941021],[0.12981438823112512,8.040125981967549],[0.14924138824926558,8.062051981987906],[0.1865103882839776,8.06825798199361],[0.2129993883086172,8.103076982026096],[0.19177038828888726,8.108908982031608],[0.16973338826846884,8.13217498205313],[0.16801238826678855,8.148457982068294],[0.19359638829064352,8.181668982099154],[0.18264038828033335,8.200876982117052],[0.13819338823896032,8.197375982113954],[0.13343438823471843,8.219606982134565],[0.20124238829771457,8.24574998215894],[0.20176438829821564,8.271687982183039],[0.21316738830887516,8.325699982233346],[0.23627338833034628,8.31734998222555],[0.24904038834233688,8.339693982246445],[0.2522083883452524,8.385392982288977],[0.22623838832100773,8.407957982310108],[0.16149938826083599,8.399282982301884],[0.11592938821831922,8.386818982290379],[0.09373138819773885,8.39585298229872],[0.10243338820578174,8.437920982338028],[0.08433138818895713,8.454327982353107],[0.12827038822979375,8.470689982368413],[0.12187938822376054,8.494752982390764],[0.10039938820386851,8.49874198239445],[0.10762538821063572,8.521288982415626],[0.09897138820247164,8.53844998243153],[0.11850338822068807,8.583579982473566],[0.14879838824890612,8.573445982464136],[0.1775693882757423,8.584192982474178],[0.17732238827557012,8.621386982508739],[0.14164238824218955,8.642280982528291],[0.1451813882456463,8.665033982549403],[0.1910893882882192,8.70367598258531],[0.19537338829218243,8.71908798259983],[0.16170338826100306,8.748494982627108],[0.1672713882660446,8.709723982590958],[0.13815938823904617,8.679454982562902],[0.12750838822898913,8.650453982535964],[0.13393938823514873,8.621105982508425],[0.16407638826308357,8.600636982489505],[0.1489423882489973,8.586304982476122],[0.11554238821804574,8.611570982499643],[0.09070438819480842,8.566174982457369],[0.07539438818048438,8.505342982400634],[0.10002738820344348,8.485883982382575],[0.0713983881769309,8.45676498235548],[0.08364038818831432,8.42103698232222],[0.07317038817859611,8.401452982303908],[0.0931413881971821,8.381157982285004],[0.12044638822248999,8.366878982271828],[0.16318638826237475,8.388504982291806],[0.22407638831896293,8.38567798228928],[0.23368438832790162,8.361634982266878],[0.227110388321762,8.344149982250656],[0.2024213882989443,8.347437982253723],[0.1738813882723207,8.340369982247012],[0.1688333882675579,8.30223498221153],[0.1842683882819074,8.303480982212704],[0.18270438828039914,8.261008982173053],[0.17176438827027596,8.242577982156035],[0.15171738825165448,8.242218982155691],[0.1329393882340355,8.258620982170896],[0.09286438819685827,8.221632982136498],[0.1448723882451759,8.163683982082603],[0.13890238823978507,8.126696982048088],[0.17970638827773655,8.087030982011129],[0.14361838824402184,8.076241982000965],[0.13558838823655606,8.105791982028677],[0.10078338820426325,8.10923398203181],[0.08701038819140194,8.069211981994613],[0.03414438814206733,8.086749982010815],[0.024918388133528424,8.056394981982521],[0.03307738814123695,8.042684981969842],[0.06330438816939932,8.034172981962001],[0.06532538817123168,8.008716981938278],[0.09652538820023437,8.025448981953787],[0.10762938821062562,8.017950981946797],[0.084377388188841,7.97715298190883],[0.062497388168594625,7.9725089819044115],[0.05083838815767194,7.935966981870479],[0.03541538814329215,7.929728981864628],[0.06797838817374213,7.901098981838004],[0.04777638815494356,7.871653981810596],[0.05799638816438346,7.839293981780429],[0.08132238818598125,7.817529981760117],[0.057435388163867174,7.788302981732841],[0.02678038813519379,7.7935129817378765],[0.016239388125541154,7.771665981717433],[3.8811026570328977e-7,7.773087981718845],[3.8811026570328977e-7,7.591985981550124],[0.015177388124584468,7.559166981519411],[3.8811026570328977e-7,7.542658981504246],[3.8811026570328977e-7,7.499660981464103],[0.03542238814338816,7.479026981444804],[0.05712638816362414,7.456789981424208],[0.050275388157160705,7.434254981403228],[0.09792738820146951,7.349111981323858],[0.10990138821262008,7.348679981323585],[0.12333238822520798,7.3179159812948456],[0.15648838825609346,7.318451981295311],[0.18783038828519238,7.307030981284697],[0.19091238828809765,7.269806981249985],[0.16766138826642418,7.26837598124871],[0.14352238824403685,7.253152981234507],[0.1293293882308717,7.2202539812037685],[0.11186838821458878,7.2052739811899755],[0.10525238820832783,7.180894981167285],[0.05199138815873994,7.212488981196657],[0.01747238812663454,7.20665898119114],[3.8811026570328977e-7,7.191608981177296],[3.8811026570328977e-7,7.1822509811684085],[0.042404388149861916,7.176707981163418],[0.05031538815728709,7.147666981136354],[0.07970738818448808,7.1773879811639745],[0.09612238819977392,7.149383981137817],[0.0886183881927991,7.11212998110318],[0.07761638818260508,7.093484981085794],[0.12369538822554205,7.07681198107025],[0.12855938823008728,7.0646389810590335],[0.0816223881863607,7.056483981051315],[0.0655473881713533,7.041504981037406],[0.08173838818652257,7.01004898100814],[0.12644538822814866,6.9883139809878685],[0.13641838823741637,6.9570699809587495],[0.11939338822162426,6.954272980956148],[0.11265538821521659,6.9802359809802965],[0.07239938817770053,6.9711749809719095],[0.05932138816569932,6.955050980956912],[0.037241388145048404,6.949480980951648],[0.017492388126584046,6.932190980935502],[0.015244388124528996,6.911723980916577],[0.057344388163755866,6.917802980922261],[0.07964338818442229,6.927741980931387],[0.1226913882246663,6.923243980927282],[0.11744138821973138,6.905987980911277],[0.07792138818285821,6.8803759808872655],[0.06300738816912599,6.862637980870886],[0.028507388136858935,6.855196980863866],[3.8811026570328977e-7,6.82903398083954],[3.8811026570328977e-7,6.7667869807814895],[0.01861238812762167,6.766190980780948],[0.031425388139496135,6.794273980807247],[0.05403638816073908,6.770644980785164],[0.07100238817656646,6.79505898080788],[0.10362338820687,6.817207980828471],[0.10879038821167342,6.774682980788839],[0.1398713882406355,6.768085980782871],[0.1492803882492808,6.778224980792174],[0.17303538827150078,6.755743980771285],[0.18025138827829323,6.721038980738967],[0.16812038826697062,6.694567980714282],[0.10855838821134967,6.68247398070298],[0.08282338818753487,6.650335980673162],[0.14440938824486693,6.6108419806362235]],[[0.14273938824317156,7.102140981093953],[0.11995038822215065,7.102088981093857],[0.12402438822573458,7.1303709811202225],[0.14383338824427483,7.125588981115698],[0.14273938824317156,7.102140981093953]],[[0.1385353882394611,7.598512981556269],[0.15478638825447888,7.5459379815072225],[0.1745813882728271,7.551265981512188],[0.18946738828685739,7.489951981455079],[0.18588938828338541,7.445366981413599],[0.14859538824862284,7.439768981408406],[0.16300838826214203,7.479322981445193],[0.1361593882370471,7.53417698149633],[0.12847838822995072,7.5670149815268815],[0.11090038821362214,7.596381981554259],[0.1385353882394611,7.598512981556269]],[[0.06971038817528097,7.7628349817091475],[0.07964038818454355,7.753439981700467],[0.11993338822207988,7.763182981709406],[0.12967438823102384,7.736558981684766],[0.12908538823057825,7.694979981645929],[0.14731138824754453,7.6835349816353755],[0.15592738825557717,7.645649981599945],[0.14051838824116203,7.635276981590323],[0.08983538819393289,7.638144981593086],[0.0750673881802868,7.648448981602769],[0.060692388166899036,7.684941981636712],[0.08012438818491319,7.744253981691827],[0.06971038817528097,7.7628349817091475]]]},"properties":{"NAME":"LAKE VOLTA","F_CODE_DES":"Inland Water","HYC_DESCRI":"Perennial/Permanent"}},
{"type":"Feature","geometry":{"type":"Polygon","coordinates":[[[-0.4508736123095787,8.739726982619004],[-0.4849136123411881,8.739038982618467],[-0.5018726123571469,8.727375982607555],[-0.5043396123594448,8.6997919825817],[-0.4889536123450853,8.68429098256729],[-0.48819961234426046,8.719884982600433],[-0.469511612326869,8.721950982602493],[-0.4510316123096345,8.719826982600352],[-0.4498786123085665,8.71998998260051],[-0.4508736123095787,8.739726982619004]]]},"properties":{"NAME":"","F_CODE_DES":"Land Subject to Inundation","HYC_DESCRI":"Non-Perennial/Intermittent/Fluctuating"}},
{"type":"Feature","geometry":{"type":"Polygon","coordinates":[[[-0.372537612236556,8.715570982596546],[-0.3874396122505459,8.73546298261499],[-0.4508736123095787,8.739726982619004],[-0.4498786123085665,8.71998998260051],[-0.4455746123046538,8.7169149825977],[-0.4375176122971425,8.712617982593656],[-0.41485661227602577,8.708440982589764],[-0.3839456122473166,8.71020498259145],[-0.372537612236556,8.715570982596546]]]},"properties":{"NAME":"","F_CODE_DES":"Land Subject to Inundation","HYC_DESCRI":"Non-Perennial/Intermittent/Fluctuating"}},
{"type":"Feature","geometry":{"type":"Polygon","coordinates":[[[-0.469511612326869,8.721950982602493],[-0.48819961234426046,8.719884982600433],[-0.4889536123450853,8.68429098256729],[-0.48144661233800434,8.717487982598186],[-0.469511612326869,8.721950982602493]]]},"properties":{"NAME":"","F_CODE_DES":"Land Subject to Inundation","HYC_DESCRI":"Non-Perennial/Intermittent/Fluctuating"}},
{"type":"Feature","geometry":null,"properties":{"NAME":"","F_CODE_DES":"Land Subject to Inundation","HYC_DESCRI":"Non-Perennial/Intermittent/Fluctuating"}},
{"type":"Feature","geometry":{"type":"Polygon","coordinates":[[[-0.4455746123046538,8.7169149825977],[-0.4498786123085665,8.71998998260051],[-0.4510316123096345,8.719826982600352],[-0.4455746123046538,8.7169149825977]]]},"properties":{"NAME":"","F_CODE_DES":"Land Subject to Inundation","HYC_DESCRI":"Non-Perennial/Intermittent/Fluctuating"}},
{"type":"Feature","geometry":null,"properties":{"NAME":"","F_CODE_DES":"Land Subject to Inundation","HYC_DESCRI":"Non-Perennial/Intermittent/Fluctuating"}},
{"type":"Feature","geometry":{"type":"Polygon","coordinates":[[[-1.3991856131926852,8.545634982438287],[-1.417718613210127,8.57600898246642],[-1.44998561323996,8.57325898246404],[-1.4493216132393627,8.591179982480753],[-1.4153306132077432,8.602678982491398],[-1.4371276132280855,8.641872982527957],[-1.4676476132565313,8.677266982560923],[-1.4791076132671606,8.671592982555467],[-1.4748086132631215,8.598167982487212],[-1.4693196132579942,8.56977198246068],[-1.477410613265647,8.554959982446917],[-1.518149613303649,8.56356398245498],[-1.548968613332363,8.556690982448572],[-1.574686613356107,8.603001982491605],[-1.5717036133535203,8.582393982472468],[-1.5945316133747838,8.54582498243849],[-1.6182256133968167,8.523019982417281],[-1.6210086133994537,8.490114982386558],[-1.6111606133902114,8.487817982384286],[-1.588802613369353,8.535445982428655],[-1.5718486133534952,8.543499982436288],[-1.5454066133288507,8.534238982427723],[-1.5145216133000758,8.536520982429693],[-1.4868056132743277,8.502933982398417],[-1.4784166132665177,8.465396982363472],[-1.4673146132561214,8.458821982357449],[-1.4696146132582726,8.501706982397309],[-1.4586826132481292,8.531228982424864],[-1.4356486132267037,8.552634982444715],[-1.3991856131926852,8.545634982438287]]]},"properties":{"NAME":"","F_CODE_DES":"Land Subject to Inundation","HYC_DESCRI":"Non-Perennial/Intermittent/Fluctuating"}},
{"type":"Feature","geometry":{"type":"Polygon","coordinates":[[[-0.23733561211065535,8.564884982456078],[-0.29133561216099224,8.549510982441916],[-0.31241961218051983,8.535523982428913],[-0.332819612199728,8.54496298243771],[-0.34055661220691036,8.578868982469203],[-0.35694261222215573,8.60120598249],[-0.4004946122627189,8.616833982504431],[-0.41702061227806553,8.651566982536906],[-0.4312056122912509,8.636696982523063],[-0.41737461227830863,8.61209998250024],[-0.40692761226864604,8.596309982485536],[-0.37482961223872735,8.584239982474173],[-0.3571346122223531,8.56578998245709],[-0.3379036122043999,8.529215982423011],[-0.3147936121829389,8.524354982418345],[-0.301996612171024,8.538922982432041],[-0.26853061213978435,8.537355982430427],[-0.23805161211134873,8.562394982453952],[-0.23733561211065535,8.564884982456078]]]},"properties":{"NAME":"","F_CODE_DES":"Land Subject to Inundation","HYC_DESCRI":"Non-Perennial/Intermittent/Fluctuating"}},
{"type":"Feature","geometry":{"type":"Polygon","coordinates":[[[-1.1788676129874602,8.640786982526834],[-1.2275426130329379,8.641980982527912],[-1.25463661305821,8.631514982518183],[-1.2581276130613332,8.583245982473272],[-1.2171766130231845,8.592517982481922],[-1.2333006130381818,8.55648098244842],[-1.196043613003667,8.565699982456863],[-1.168406612977833,8.602777982491489],[-1.1714906129807332,8.636174982522562],[-1.1723466129815279,8.63700398252331],[-1.1788676129874602,8.640786982526834]]]},"properties":{"NAME":"","F_CODE_DES":"Land Subject to Inundation","HYC_DESCRI":"Non-Perennial/Intermittent/Fluctuating"}},
{"type":"Feature","geometry":null,"properties":{"NAME":"","F_CODE_DES":"Land Subject to Inundation","HYC_DESCRI":"Non-Perennial/Intermittent/Fluctuating"}},
{"type":"Feature","geometry":{"type":"Polygon","coordinates":[[[-1.574686613356107,8.603001982491605],[-1.5875046133680826,8.602975982491671],[-1.5934286133735895,8.567065982458189],[-1.608496613387615,8.556282982448238],[-1.6344816134119355,8.565544982456686],[-1.669045613444041,8.562276982453795],[-1.6782756134525698,8.59245098248175],[-1.693225613466666,8.604168982492638],[-1.7077176134800993,8.586039982475768],[-1.7132136134853226,8.553349982445525],[-1.6649906134402954,8.538455982431515],[-1.636496613413783,8.546225982438727],[-1.6357816134132008,8.498935982394642],[-1.6210086133994537,8.490114982386558],[-1.6182256133968167,8.523019982417281],[-1.5945316133747838,8.54582498243849],[-1.5717036133535203,8.582393982472468],[-1.574686613356107,8.603001982491605]]]},"properties":{"NAME":"","F_CODE_DES":"Land Subject to Inundation","HYC_DESCRI":"Non-Perennial/Intermittent/Fluctuating"}},
{"type":"Feature","geometry":{"type":"Polygon","coordinates":[[[-0.23805161211134873,8.562394982453952],[-0.26853061213978435,8.537355982430427],[-0.301996612171024,8.538922982432041],[-0.3147936121829389,8.524354982418345],[-0.3379036122043999,8.529215982423011],[-0.3571346122223531,8.56578998245709],[-0.37482961223872735,8.584239982474173],[-0.40692761226864604,8.596309982485536],[-0.3615436122263418,8.555694982447676],[-0.3894676122524743,8.534284982427607],[-0.3845576122478178,8.50632298240157],[-0.3705336122347944,8.489015982385581],[-0.31303461218112716,8.50566998240106],[-0.26715561213836736,8.531380982424935],[-0.20395061207955223,8.546400982438854],[-0.23805161211134873,8.562394982453952]]]},"properties":{"NAME":"","F_CODE_DES":"Land Subject to Inundation","HYC_DESCRI":"Non-Perennial/Intermittent/Fluctuating"}},
{"type":"Feature","geometry":null,"properties":{"NAME":"","F_CODE_DES":"Land Subject to Inundation","HYC_DESCRI":"Non-Perennial/Intermittent/Fluctuating"}},
{"type":"Feature","geometry":{"type":"Polygon","coordinates":[[[-1.3402416131377777,8.566144982457445],[-1.39342661318733,8.547503982440048],[-1.3711846131666334,8.54515098243769],[-1.3402416131377777,8.566144982457445]]]},"properties":{"NAME":"","F_CODE_DES":"Land Subject to Inundation","HYC_DESCRI":"Non-Perennial/Intermittent/Fluctuating"}},
{"type":"Feature","geometry":{"type":"Polygon","coordinates":[[[-0.20395061207955223,8.546400982438854],[-0.22367661209796097,8.567163982458396],[-0.23733561211065535,8.564884982456078],[-0.23805161211134873,8.562394982453952],[-0.20395061207955223,8.546400982438854]]]},"properties":{"NAME":"","F_CODE_DES":"Land Subject to Inundation","HYC_DESCRI":"Non-Perennial/Intermittent/Fluctuating"}},
{"type":"Feature","geometry":{"type":"Polygon","coordinates":[[[-1.4673146132561214,8.458821982357449],[-1.4509926132409419,8.48323398238017],[-1.4440886132344986,8.51639598241104],[-1.403346613196618,8.506863982402137],[-1.3624246131585096,8.517074982411714],[-1.3497006131467515,8.531026982424692],[-1.3402416131377777,8.566144982457445],[-1.3711846131666334,8.54515098243769],[-1.39342661318733,8.547503982440048],[-1.3991856131926852,8.545634982438287],[-1.4356486132267037,8.552634982444715],[-1.4586826132481292,8.531228982424864],[-1.4696146132582726,8.501706982397309],[-1.4673146132561214,8.458821982357449]]]},"properties":{"NAME":"","F_CODE_DES":"Land Subject to Inundation","HYC_DESCRI":"Non-Perennial/Intermittent/Fluctuating"}},
{"type":"Feature","geometry":{"type":"Polygon","coordinates":[[[-2.1720696139125266,8.180014982097646],[-2.1466676138888943,8.195003982111757],[-2.1509586138929535,8.219728982134711],[-2.169219613909945,8.223359982138163],[-2.179929613919967,8.245693982158855],[-2.189308613928688,8.301562982210953],[-2.203501613941853,8.310072982218799],[-2.2266526139633243,8.301459982210872],[-2.2557316139905197,8.318465982226598],[-2.276262614009511,8.319300982227332],[-2.2895646140220833,8.344348982250722],[-2.2880816140207116,8.367557982272274],[-2.2975256140293823,8.396337982299201],[-2.288305614020828,8.41140298231312],[-2.3058096140371163,8.424678982325531],[-2.338566614067531,8.468942982366798],[-2.354827614082751,8.46157298235994],[-2.346231614074668,8.443108982342665],[-2.31634761404689,8.405460982307659],[-2.314005614044845,8.388508982291796],[-2.312265614043099,8.36580798227078],[-2.291873614024098,8.329850982237303],[-2.2906396140228935,8.309897982218672],[-2.2652756139993926,8.294676982204464],[-2.257748613992362,8.299841982209273],[-2.218085613955509,8.268993982180518],[-2.2004896139389984,8.233680982147689],[-2.1779676139180992,8.22277098213749],[-2.1720696139125266,8.180014982097646]]]},"properties":{"NAME":"","F_CODE_DES":"Land Subject to Inundation","HYC_DESCRI":"Non-Perennial/Intermittent/Fluctuating"}},
{"type":"Feature","geometry":{"type":"Polygon","coordinates":[[[-2.346231614074668,8.443108982342665],[-2.354827614082751,8.46157298235994],[-2.352948614081015,8.43037798233081],[-2.394819614120024,8.438217982338301],[-2.3620876140894325,8.424954982325744],[-2.324701614054675,8.408775982310772],[-2.3259056140557277,8.411971982313844],[-2.3429036140717017,8.42226898232343],[-2.346231614074668,8.443108982342665]]]},"properties":{"NAME":"","F_CODE_DES":"Land Subject to Inundation","HYC_DESCRI":"Non-Perennial/Intermittent/Fluctuating"}},
{"type":"Feature","geometry":{"type":"Polygon","coordinates":[[[-2.3259056140557277,8.411971982313844],[-2.346231614074668,8.443108982342665],[-2.3429036140717017,8.42226898232343],[-2.3259056140557277,8.411971982313844]]]},"properties":{"NAME":"","F_CODE_DES":"Land Subject to Inundation","HYC_DESCRI":"Non-Perennial/Intermittent/Fluctuating"}},
{"type":"Feature","geometry":{"type":"Polygon","coordinates":[[[-2.314005614044845,8.388508982291796],[-2.31634761404689,8.405460982307659],[-2.346231614074668,8.443108982342665],[-2.3259056140557277,8.411971982313844],[-2.324701614054675,8.408775982310772],[-2.314005614044845,8.388508982291796]]]},"properties":{"NAME":"","F_CODE_DES":"Land Subject to Inundation","HYC_DESCRI":"Non-Perennial/Intermittent/Fluctuating"}},
{"type":"Feature","geometry":{"type":"Polygon","coordinates":[[[-2.3620876140894325,8.424954982325744],[-2.394819614120024,8.438217982338301],[-2.3943676141195738,8.40998698231192],[-2.3620876140894325,8.424954982325744]]]},"properties":{"NAME":"","F_CODE_DES":"Land Subject to Inundation","HYC_DESCRI":"Non-Perennial/Intermittent/Fluctuating"}},
{"type":"Feature","geometry":{"type":"Polygon","coordinates":[[[-2.324701614054675,8.408775982310772],[-2.3620876140894325,8.424954982325744],[-2.3943676141195738,8.40998698231192],[-2.3577526140854843,8.413313982315003],[-2.337489614066726,8.400772982303351],[-2.3312226140608345,8.368958982273625],[-2.316897614047548,8.337729982244582],[-2.284482614017179,8.299433982208939],[-2.2652756139993926,8.294676982204464],[-2.2906396140228935,8.309897982218672],[-2.291873614024098,8.329850982237303],[-2.312265614043099,8.36580798227078],[-2.314005614044845,8.388508982291796],[-2.324701614054675,8.408775982310772]]]},"properties":{"NAME":"","F_CODE_DES":"Land Subject to Inundation","HYC_DESCRI":"Non-Perennial/Intermittent/Fluctuating"}},
{"type":"Feature","geometry":{"type":"Polygon","coordinates":[[[-2.2004896139389984,8.233680982147689],[-2.218085613955509,8.268993982180518],[-2.257748613992362,8.299841982209273],[-2.2273646139640277,8.257835982170263],[-2.221546613958708,8.224181982138816],[-2.2004896139389984,8.233680982147689]]]},"properties":{"NAME":"","F_CODE_DES":"Land Subject to Inundation","HYC_DESCRI":"Non-Perennial/Intermittent/Fluctuating"}},
{"type":"Feature","geometry":{"type":"Polygon","coordinates":[[[-2.1720696139125266,8.180014982097646],[-2.1779676139180992,8.22277098213749],[-2.2004896139389984,8.233680982147689],[-2.1880186139273974,8.216881982132008],[-2.1924716139315024,8.191566982108498],[-2.1720696139125266,8.180014982097646]]]},"properties":{"NAME":"","F_CODE_DES":"Land Subject to Inundation","HYC_DESCRI":"Non-Perennial/Intermittent/Fluctuating"}},
{"type":"Feature","geometry":null,"properties":{"NAME":"LAKE VOLTA","F_CODE_DES":"Inland Water","HYC_DESCRI":"Perennial/Permanent"}},
{"type":"Feature","geometry":{"type":"Polygon","coordinates":[[[3.8811026570328977e-7,7.542658981504246],[-0.015141611903800367,7.52761498149016],[-0.11721761199873981,7.544358981505638],[-0.13616061201651064,7.564757981524735],[-0.1473836120269425,7.541983981503563],[-0.22476961209895308,7.541775981503406],[-0.2555986121276419,7.530202981492494],[-0.23688461211031608,7.509805981473619],[-0.1846496120615484,7.526030981488702],[-0.16322561204174235,7.524479981487275],[-0.14359661202342977,7.505690981469797],[-0.116629611998178,7.497947981462403],[-0.05732161194305263,7.453522981421202],[-0.05698661194264787,7.500397981464857],[-0.0385966119256409,7.5135409814770355],[3.8811026570328977e-7,7.499660981464103],[3.8811026570328977e-7,7.542658981504246]]]},"properties":{"NAME":"LAKE VOLTA","F_CODE_DES":"Inland Water","HYC_DESCRI":"Perennial/Permanent"}},
{"type":"Feature","geometry":null,"properties":{"NAME":"LAKE VOLTA","F_CODE_DES":"Inland Water","HYC_DESCRI":"Perennial/Permanent"}},
{"type":"Feature","geometry":{"type":"Polygon","coordinates":[[[-0.025956611913898087,6.720831980738694],[-0.047484611933896304,6.701413980720645],[-0.039387611926258614,6.684877980705323],[-0.04272561192942703,6.64232698066553],[-0.07210761195688065,6.617415980642363],[-0.11813961199959522,6.624886980649308],[-0.1621266120407654,6.6410989806645375],[-0.1863866120631883,6.6773689806982475],[-0.18715161206387165,6.703580980722791],[-0.17245161205028126,6.712587980731087],[-0.17988161205721553,6.736482980753408],[-0.2367576121100683,6.751274980766993],[-0.24794561212047483,6.7213519807392],[-0.2656476121371725,6.716243980734589],[-0.2969866121661653,6.732252980749308],[-0.3022286121711204,6.715452980733744],[-0.33124461219813384,6.723647980741362],[-0.33900261220537686,6.702009980721186],[-0.35948261222438305,6.7031009807221835],[-0.37085861223499705,6.736410980753362],[-0.36791761223230424,6.752745980768395],[-0.37501161223894997,6.815266980826664],[-0.38963261225262613,6.855229980863896],[-0.4061136122679727,6.826901980837647],[-0.42700161228731304,6.810055980821744],[-0.4131576122745173,6.723869980741483],[-0.4437896123029077,6.7336669807507405],[-0.45618061231448337,6.722821980740719],[-0.48196561233862667,6.727343980744763],[-0.520932612374736,6.7527469807685065],[-0.5127396123671133,6.780594980794376],[-0.5359206123887361,6.832947980843073],[-0.5552566124067653,6.8347269808448345],[-0.561150612412348,6.807576980819476],[-0.5514276124031312,6.789672980802834],[-0.5693256124197887,6.774440980788768],[-0.5889606124380862,6.797371980810112],[-0.6121846124597141,6.792239980805334],[-0.6523846124971442,6.8397059808494305],[-0.6797586125228463,6.836627980846515],[-0.690613612532843,6.847858980857154],[-0.7297086125693113,6.840370980850139],[-0.6883846125308537,6.802109980814521],[-0.6537826124986168,6.777160980791223],[-0.6354866124815999,6.7422689807588085],[-0.6110556124588129,6.729929980747329],[-0.5990316124475612,6.712491980730874],[-0.5668996124177283,6.73673798075356],[-0.5578656124091594,6.7181419807361635],[-0.5212426123750902,6.706296980725256],[-0.4998456123551023,6.706592980725418],[-0.4300646122901526,6.685877980706209],[-0.40769361226944056,6.668696980690129],[-0.40370761226563445,6.644563980667726],[-0.3849916122483137,6.618172980643067],[-0.28239861215274686,6.62283498064744],[-0.28050661215092987,6.605591980631516],[-0.25767861212966636,6.587487980614469],[-0.2470276121198367,6.564059980592674],[-0.23253761210617085,6.565019980593661],[-0.19698161207315934,6.519579980551271],[-0.15694561203576995,6.5160069805479],[-0.10258861198531122,6.490619980524343],[-0.09730861198022467,6.47397598050884],[-0.06753661195261884,6.457589980493594],[-0.037336611924501995,6.432136980469977],[-0.04111561192803492,6.382445980423654],[-0.023347611911503918,6.360638980403337],[3.8811026570328977e-7,6.350721980394155],[3.8811026570328977e-7,6.711434980730019],[-0.025956611913898087,6.720831980738694]]]},"properties":{"NAME":"VOLTA RESERVOIR","F_CODE_DES":"Inland Water","HYC_DESCRI":"Perennial/Permanent"}},
{"type":"Feature","geometry":null,"properties":{"NAME":"UNK","F_CODE_DES":"Inland Water","HYC_DESCRI":"Perennial/Permanent"}},
{"type":"Feature","geometry":{"type":"Polygon","coordinates":[[[0.08282338818753487,6.650335980673162],[0.05585138816240942,6.69039898071037],[0.041495388149087375,6.725776980743376],[0.02097938812994471,6.740442980757052],[0.010717388120383475,6.710610980729143],[3.8811026570328977e-7,6.711434980730019],[3.8811026570328977e-7,6.350721980394155],[0.01321338812272188,6.363257980405706],[0.0303693881385243,6.399641980439583],[0.05287138815947401,6.414415980453441],[0.06906438817463822,6.468964980504097],[0.08820038819249021,6.4707399805058685],[0.11097538821377384,6.476261980511026],[0.11613438821859745,6.502882980535787],[0.13887538823973955,6.515814980547702],[0.140153388240833,6.557444980586524],[0.15870338825811814,6.592213980618908],[0.14440938824486693,6.6108419806362235],[0.08282338818753487,6.650335980673162]]]},"properties":{"NAME":"VOLTA RESERVOIR","F_CODE_DES":"Inland Water","HYC_DESCRI":"Perennial/Permanent"}},
{"type":"Feature","geometry":{"type":"Polygon","coordinates":[[[0.010717388120383475,6.710610980729143],[3.8811026570328977e-7,6.726727980744272],[3.8811026570328977e-7,6.711434980730019],[0.010717388120383475,6.710610980729143]]]},"properties":{"NAME":"LAKE VOLTA","F_CODE_DES":"Inland Water","HYC_DESCRI":"Perennial/Permanent"}},
{"type":"Feature","geometry":{"type":"Polygon","coordinates":[[[-1.3874256131819038,6.471354980506476],[-1.3767936131719125,6.513027980545303],[-1.3985116131921131,6.535245980565833],[-1.422888613214809,6.5335349805643546],[-1.436635613227736,6.52082798055244],[-1.443134613233724,6.481471980515835],[-1.4327326132240614,6.4697859805048665],[-1.3874256131819038,6.471354980506476]]]},"properties":{"NAME":"LAKE BOSUMTWI","F_CODE_DES":"Inland Water","HYC_DESCRI":"Perennial/Permanent"}},
{"type":"Feature","geometry":{"type":"Polygon","coordinates":[[[0.15044838825042461,6.107517980167586],[0.12881338823035549,6.115554980175148],[0.08964138819374057,6.150201980207385],[0.08727338819153374,6.177802980233082],[0.11039038821309077,6.2206439802728255],[0.08153738818623424,6.264512980313839],[0.06114138816724335,6.27876598032708],[0.07591338818110671,6.306363980352671],[0.09678938820047733,6.3271159803721275],[0.10248538820587783,6.348289980391883],[0.12769438822920165,6.3849199804258205],[0.13793038823882853,6.4316349804694255],[0.1358043882369202,6.454399980490507],[0.11097538821377384,6.476261980511026],[0.08820038819249021,6.4707399805058685],[0.10523838820836318,6.44397998048089],[0.1013853882047897,6.420969980459404],[0.08556638819004547,6.400232980440251],[0.09553138819933338,6.3703559804123415],[0.09055038819474248,6.338601980382691],[0.06847738817418758,6.336479980380773],[0.05361238816021796,6.303780980350439],[0.054361388160941715,6.280549980328715],[0.08132538818608737,6.257381980307173],[0.08836138819265216,6.20241898025597],[0.07419038817943147,6.1683389802242345],[0.063627388169607,6.1627929802191375],[0.0889993881933151,6.131106980189543],[0.10509938820814568,6.128843980187412],[0.14066938824134922,6.103214980163557],[0.17738138827553485,6.092889980154041],[0.2373693883314445,6.101073980161573],[0.283412388374245,6.0747159801369435],[0.2979593883878806,6.04644798011077],[0.32209338841039425,6.048798980112906],[0.35246338843853664,6.038047980102874],[0.3729283884576944,6.036248980101163],[0.3916253884751768,6.05665198012025],[0.41376138849568633,6.078429980140527],[0.43146938851214145,6.076393980138619],[0.47405238855185416,6.0513979801153255],[0.48988438856667926,6.048703980112805],[0.5106213885858324,6.044103980108503],[0.5226283885970133,6.017667980083843],[0.5598943886318466,6.005310980072409],[0.5737193886445766,5.988769980056986],[0.6149393886830694,5.950188980021039],[0.6265103886937595,5.908102979981777],[0.6352613887020198,5.899604979973901],[0.6330603886999597,5.8464499799245],[0.6234813886910615,5.83546497991415],[0.6092073886777598,5.819258979899132],[0.6188103886865974,5.795617979877079],[0.6681493887326724,5.760912979844761],[0.6831773887465715,5.7734819798565695],[0.6837543887470474,5.773822979856732],[0.6596403887247106,5.810311979890685],[0.6420403887082102,5.837491979915967],[0.6450383887111002,5.8561239799335],[0.6511533887166934,5.881914979957401],[0.6402673887066612,5.927223979999553],[0.6037213886725112,5.972566980041847],[0.5821003886524068,5.99888098006636],[0.5773643886479931,6.006262980073188],[0.5437663886168593,6.023687980089562],[0.5076053885829879,6.057902980121298],[0.4919513885683955,6.061439980124533],[0.4683313885464031,6.070640980133248],[0.45584038853485254,6.075749980137971],[0.4395013885196022,6.083080980144814],[0.3992703884821367,6.082082980143923],[0.38940538847305106,6.071710980134185],[0.37497738845945605,6.045915980110294],[0.3101193883992437,6.057515980121025],[0.2965373883864686,6.0655409801283895],[0.2737013883652253,6.0986209801592395],[0.22447038831933241,6.111397980171205],[0.2120603883079184,6.109069980168897],[0.1865653882841798,6.097970980158607],[0.15044838825042461,6.107517980167586]]]},"properties":{"NAME":"VOLTA","F_CODE_DES":"Inland Water","HYC_DESCRI":"Perennial/Permanent"}},
{"type":"Feature","geometry":null,"properties":{"NAME":"","F_CODE_DES":"Land Subject to Inundation","HYC_DESCRI":"Non-Perennial/Intermittent/Fluctuating"}},
{"type":"Feature","geometry":{"type":"Polygon","coordinates":[[[0.4132653884951196,6.249984980300269],[0.3935383884768271,6.253513980303524],[0.40400238848656045,6.236223980287377],[0.4132653884951196,6.249984980300269]]]},"properties":{"NAME":"","F_CODE_DES":"Land Subject to Inundation","HYC_DESCRI":"Non-Perennial/Intermittent/Fluctuating"}},
{"type":"Feature","geometry":{"type":"Polygon","coordinates":[[[0.40400238848656045,6.236223980287377],[0.3935383884768271,6.253513980303524],[0.38541038846938136,6.225450980277401],[0.38428138846825277,6.181738980236787],[0.4012293884841256,6.1462719802036645],[0.3918483884751822,6.0999399801605705],[0.3522533884383847,6.061786980124907],[0.3365453884237013,6.0593079801226395],[0.35517438844112803,6.060369980123596],[0.38940538847305106,6.071710980134185],[0.3992703884821367,6.082082980143923],[0.4395013885196022,6.083080980144814],[0.45584038853485254,6.075749980137971],[0.4148603884966633,6.102589980162975],[0.4166403884983083,6.130888980189411],[0.40687238848931884,6.18378098023868],[0.40400238848656045,6.236223980287377]]]},"properties":{"NAME":"","F_CODE_DES":"Land Subject to Inundation","HYC_DESCRI":"Non-Perennial/Intermittent/Fluctuating"}},
{"type":"Feature","geometry":{"type":"Polygon","coordinates":[[[0.4132423884952914,6.193413980247669],[0.4209973885024283,6.231354980282958],[0.4132653884951196,6.249984980300269],[0.40400238848656045,6.236223980287377],[0.40687238848931884,6.18378098023868],[0.4132423884952914,6.193413980247669]]]},"properties":{"NAME":"","F_CODE_DES":"Land Subject to Inundation","HYC_DESCRI":"Non-Perennial/Intermittent/Fluctuating"}},
{"type":"Feature","geometry":{"type":"Polygon","coordinates":[[[0.597395388666655,6.112355980171969],[0.5824093886526498,6.133954980192129],[0.5696683886408209,6.183852980238726],[0.5773883886481599,6.235165980286411],[0.5348863886085837,6.207047980260313],[0.5571113886292096,6.1937149802479325],[0.5772373886479727,6.118718980178073],[0.5478653886204938,6.112654980172238],[0.5442163886170874,6.088465980149749],[0.5716913886428756,6.078406980140471],[0.597395388666655,6.112355980171969]]]},"properties":{"NAME":"","F_CODE_DES":"Land Subject to Inundation","HYC_DESCRI":"Non-Perennial/Intermittent/Fluctuating"}},
{"type":"Feature","geometry":{"type":"Polygon","coordinates":[[[0.4797043885571384,6.133679980192028],[0.4546333885336935,6.142018980199737],[0.4311023885118175,6.10657498016667],[0.4235043885048526,6.128343980186855],[0.42115138850249423,6.175236980230693],[0.4132423884952914,6.193413980247669],[0.40687238848931884,6.18378098023868],[0.4166403884983083,6.130888980189411],[0.4148603884966633,6.102589980162975],[0.45584038853485254,6.075749980137971],[0.4683313885464031,6.070640980133248],[0.48794238856476113,6.105088980165192],[0.4797043885571384,6.133679980192028]]]},"properties":{"NAME":"","F_CODE_DES":"Land Subject to Inundation","HYC_DESCRI":"Non-Perennial/Intermittent/Fluctuating"}},
{"type":"Feature","geometry":{"type":"Polygon","coordinates":[[[0.9608623890051149,5.851961979929456],[0.9759113890193021,5.860621979937605],[0.9846543890273551,5.9048789799787755],[1.0296163890691332,5.98262398005113],[1.0776823891139884,6.049811980113873],[1.1342253891666587,6.09821898015889],[1.1038483891384203,6.122986980182077],[1.0833423891192524,6.182189980237126],[1.0706113891073983,6.180154980235102],[1.07424638911084,6.1392509801971755],[1.091225389126521,6.097789980158495],[1.0651173891023973,6.086947980148352],[1.017852389058362,6.0312699800965675],[1.0017293890432484,6.021068980086966],[1.0003713890419021,5.997459980065059],[1.0125883890534624,5.972856980042252],[0.9912753890334898,5.926354979998905],[0.967416389011305,5.892962979967706],[0.9568783890015311,5.867869979944317],[0.9608623890051149,5.851961979929456]]]},"properties":{"NAME":"","F_CODE_DES":"Land Subject to Inundation","HYC_DESCRI":"Non-Perennial/Intermittent/Fluctuating"}},
{"type":"Feature","geometry":null,"properties":{"NAME":"","F_CODE_DES":"Land Subject to Inundation","HYC_DESCRI":"Non-Perennial/Intermittent/Fluctuating"}},
{"type":"Feature","geometry":{"type":"Polygon","coordinates":[[[0.2075843883037578,6.12245398018149],[0.17104938826969374,6.1223579801812775],[0.15044838825042461,6.107517980167586],[0.1865653882841798,6.097970980158607],[0.2120603883079184,6.109069980168897],[0.2075843883037578,6.12245398018149]]]},"properties":{"NAME":"","F_CODE_DES":"Land Subject to Inundation","HYC_DESCRI":"Non-Perennial/Intermittent/Fluctuating"}},
{"type":"Feature","geometry":{"type":"Polygon","coordinates":[[[0.9546593889995165,6.044766980109216],[0.9658043890099179,6.083647980145315],[0.9668603890108898,6.115169980174642],[0.9386993889845598,6.125233980184021],[0.928683388975287,6.115241980174687],[0.9073983889554711,6.0386609801034865],[0.8969583889456771,6.025211980090944],[0.844121388896383,5.998217980065874],[0.8038453888589174,6.00148398006877],[0.7893523888453728,6.024104980089987],[0.7839073888403618,6.060851980124198],[0.7611773888193056,6.079246980141306],[0.7522093888107975,6.057302980120767],[0.7147133887758628,6.030207980095611],[0.7059293887677995,6.014019980080548],[0.7050453887670756,6.006750980073775],[0.7060273887677795,6.000019980067464],[0.7151053887762373,5.984173980052674],[0.7300093887902221,6.006514980073462],[0.7633423888212292,6.006796980073659],[0.7753523888325162,5.973453980042677],[0.7684813888261033,5.958488980028733],[0.7705543888280317,5.955960980026475],[0.7926233888485967,5.955073980025645],[0.8142573888687821,5.9389999800105215],[0.7986593888540483,5.918499979991566],[0.8055693888604765,5.910226979983918],[0.8303953888837441,5.909112979982865],[0.8161873888705031,5.882632979958089],[0.7922533888481667,5.900543979974827],[0.7794173888362366,5.927301979999811],[0.7632023888211279,5.953418980024026],[0.7498733888087372,5.951097980021814],[0.7227143887835155,5.970611980040076],[0.7031913887651626,5.961147980031228],[0.680909388744567,5.976997980046008],[0.6612643887262948,6.002756980069989],[0.6784163887421073,6.033300980098375],[0.6881383887512129,6.070664980133188],[0.6769863887409429,6.08135898014325],[0.655533388720869,6.044330980108725],[0.6389303887053757,6.070147980132788],[0.6165023886844665,6.060019980123343],[0.6184243886862077,6.030828980096203],[0.6343813887010583,6.000863980068289],[0.6037213886725112,5.972566980041847],[0.6402673887066612,5.927223979999553],[0.6511533887166934,5.881914979957401],[0.6450383887111002,5.8561239799335],[0.6775383887413682,5.853236979930671],[0.6868043887500335,5.868627979945131],[0.6686163887329712,5.885164979960564],[0.6786563887424109,5.926826979999305],[0.6903903887532579,5.92063297999357],[0.7085873887701837,5.8988049799731925],[0.7481613888071479,5.87608797995199],[0.7790023888358064,5.851514979929107],[0.8190673888732363,5.806705979887511],[0.8298403888832127,5.825128979904548],[0.8413093888939329,5.839411979917941],[0.8483553889004725,5.889580979964649],[0.8920053889410156,5.904366979978249],[0.8793283889292525,5.927127979999568],[0.8769883889272023,5.9547349800252505],[0.8840733889337571,5.981203980049941],[0.9148713889624105,5.984925980053276],[0.9336523889799082,6.032344980097605],[0.9546593889995165,6.044766980109216]],[[0.6826273887461412,5.951318980022052],[0.6935043887563097,5.955018980025443],[0.7226523887834446,5.93830198001001],[0.7313283887915532,5.922289979994957],[0.7119183887732561,5.9096659799834015],[0.6875453887507774,5.931493980003552],[0.6809723887445216,5.948163980019217],[0.6826273887461412,5.951318980022052]]]},"properties":{"NAME":"","F_CODE_DES":"Land Subject to Inundation","HYC_DESCRI":"Non-Perennial/Intermittent/Fluctuating"}},
{"type":"Feature","geometry":{"type":"Polygon","coordinates":[[[0.274873388366359,6.118837980178114],[0.2075843883037578,6.12245398018149],[0.2120603883079184,6.109069980168897],[0.22447038831933241,6.111397980171205],[0.2737013883652253,6.0986209801592395],[0.2965373883864686,6.0655409801283895],[0.3101193883992437,6.057515980121025],[0.37497738845945605,6.045915980110294],[0.38940538847305106,6.071710980134185],[0.35517438844112803,6.060369980123596],[0.3365453884237013,6.0593079801226395],[0.31976438840820265,6.062597980125702],[0.27667638836805963,6.104608980164812],[0.274873388366359,6.118837980178114]]]},"properties":{"NAME":"","F_CODE_DES":"Land Subject to Inundation","HYC_DESCRI":"Non-Perennial/Intermittent/Fluctuating"}},
{"type":"Feature","geometry":{"type":"Polygon","coordinates":[[[0.3365453884237013,6.0593079801226395],[0.32205738841025777,6.068127980130839],[0.2968313883868632,6.103274980163633],[0.274873388366359,6.118837980178114],[0.27667638836805963,6.104608980164812],[0.31976438840820265,6.062597980125702],[0.3365453884237013,6.0593079801226395]]]},"properties":{"NAME":"","F_CODE_DES":"Land Subject to Inundation","HYC_DESCRI":"Non-Perennial/Intermittent/Fluctuating"}},
{"type":"Feature","geometry":{"type":"Polygon","coordinates":[[[0.17738138827553485,6.092889980154041],[0.14066938824134922,6.103214980163557],[0.12267338822448437,6.088696980149962],[0.10685338820985635,6.059192980122589],[0.17738138827553485,6.092889980154041]]]},"properties":{"NAME":"","F_CODE_DES":"Land Subject to Inundation","HYC_DESCRI":"Non-Perennial/Intermittent/Fluctuating"}},
{"type":"Feature","geometry":{"type":"Polygon","coordinates":[[[0.35246338843853664,6.038047980102874],[0.32209338841039425,6.048798980112906],[0.2979593883878806,6.04644798011077],[0.283412388374245,6.0747159801369435],[0.2373693883314445,6.101073980161573],[0.17738138827553485,6.092889980154041],[0.10685338820985635,6.059192980122589],[0.1744183882726702,6.047640980111737],[0.18580938828336002,6.077669980139717],[0.2212593883164118,6.0746109801368675],[0.2564493883492105,6.059407980122842],[0.2735223883651088,6.045136980109419],[0.3004523883901129,6.025567980091182],[0.35246338843853664,6.038047980102874]]]},"properties":{"NAME":"","F_CODE_DES":"Land Subject to Inundation","HYC_DESCRI":"Non-Perennial/Intermittent/Fluctuating"}},
{"type":"Feature","geometry":null,"properties":{"NAME":"UNK","F_CODE_DES":"Inland Water","HYC_DESCRI":"Perennial/Permanent"}},
{"type":"Feature","geometry":{"type":"Polygon","coordinates":[[[0.591740388661492,6.039058980103846],[0.58581838865598,6.047734980111954],[0.5455753886185448,6.047766980111874],[0.5148753885898714,6.079642980141671],[0.4919513885683955,6.061439980124533],[0.5076053885829879,6.057902980121298],[0.5437663886168593,6.023687980089562],[0.5773643886479931,6.006262980073188],[0.591740388661492,6.039058980103846]]]},"properties":{"NAME":"","F_CODE_DES":"Land Subject to Inundation","HYC_DESCRI":"Non-Perennial/Intermittent/Fluctuating"}},
{"type":"Feature","geometry":null,"properties":{"NAME":"KASU LAGOON","F_CODE_DES":"Inland Water","HYC_DESCRI":"Perennial/Permanent"}},
{"type":"Feature","geometry":{"type":"Polygon","coordinates":[[[0.35246338843853664,6.038047980102874],[0.37345538845806914,6.015782980082122],[0.40019338848310326,6.031023980096279],[0.3916253884751768,6.05665198012025],[0.3729283884576944,6.036248980101163],[0.35246338843853664,6.038047980102874]]]},"properties":{"NAME":"","F_CODE_DES":"Land Subject to Inundation","HYC_DESCRI":"Non-Perennial/Intermittent/Fluctuating"}},
{"type":"Feature","geometry":{"type":"Polygon","coordinates":[[[0.5737193886445766,5.988769980056986],[0.5598943886318466,6.005310980072409],[0.5226283885970133,6.017667980083843],[0.5106213885858324,6.044103980108503],[0.48988438856667926,6.048703980112805],[0.4888963885657631,6.0164259800826585],[0.4974603885736997,6.005518980072566],[0.519611388594285,5.98193498005071],[0.5592473886310927,5.974170980043482],[0.5737193886445766,5.988769980056986]]]},"properties":{"NAME":"","F_CODE_DES":"Land Subject to Inundation","HYC_DESCRI":"Non-Perennial/Intermittent/Fluctuating"}},
{"type":"Feature","geometry":{"type":"Polygon","coordinates":[[[1.0017293890432484,6.021068980086966],[0.972299389015916,6.015830980082228],[0.9548173889995724,6.022480980088403],[0.9546593889995165,6.044766980109216],[0.9336523889799082,6.032344980097605],[0.9148713889624105,5.984925980053276],[0.8840733889337571,5.981203980049941],[0.8769883889272023,5.9547349800252505],[0.8793283889292525,5.927127979999568],[0.8920053889410156,5.904366979978249],[0.8483553889004725,5.889580979964649],[0.8413093888939329,5.839411979917941],[0.8815123889312417,5.852122979929618],[0.9042233889524596,5.881144979956844],[0.9143833889618236,5.849865979927699],[0.8778923889278758,5.814611979894835],[0.8873453889366374,5.795526979876968],[0.8888013889381909,5.79519997987677],[0.90917538895701,5.798088979879367],[0.9587513890032824,5.844172979922405],[0.9608623890051149,5.851961979929456],[0.9568783890015311,5.867869979944317],[0.967416389011305,5.892962979967706],[0.9912753890334898,5.926354979998905],[1.0125883890534624,5.972856980042252],[1.0003713890419021,5.997459980065059],[1.0017293890432484,6.021068980086966]]]},"properties":{"NAME":"KETA LAGOON","F_CODE_DES":"Inland Water","HYC_DESCRI":"Perennial/Permanent"}},
{"type":"Feature","geometry":null,"properties":{"NAME":"UNK","F_CODE_DES":"Inland Water","HYC_DESCRI":"Perennial/Permanent"}},
{"type":"Feature","geometry":{"type":"Polygon","coordinates":[[[0.5821003886524068,5.99888098006636],[0.591740388661492,6.039058980103846],[0.5773643886479931,6.006262980073188],[0.5821003886524068,5.99888098006636]]]},"properties":{"NAME":"","F_CODE_DES":"Land Subject to Inundation","HYC_DESCRI":"Non-Perennial/Intermittent/Fluctuating"}},
{"type":"Feature","geometry":null,"properties":{"NAME":"UNK","F_CODE_DES":"Inland Water","HYC_DESCRI":"Perennial/Permanent"}},
{"type":"Feature","geometry":null,"properties":{"NAME":"","F_CODE_DES":"Land Subject to Inundation","HYC_DESCRI":"Non-Perennial/Intermittent/Fluctuating"}},
{"type":"Feature","geometry":null,"properties":{"NAME":"UNK","F_CODE_DES":"Inland Water","HYC_DESCRI":"Perennial/Permanent"}},
{"type":"Feature","geometry":null,"properties":{"NAME":"UNK","F_CODE_DES":"Inland Water","HYC_DESCRI":"Perennial/Permanent"}},
{"type":"Feature","geometry":{"type":"Polygon","coordinates":[[[0.7684813888261033,5.958488980028733],[0.7753523888325162,5.973453980042677],[0.7633423888212292,6.006796980073659],[0.7300093887902221,6.006514980073462],[0.7151053887762373,5.984173980052674],[0.7082353887699355,5.980457980049323],[0.680909388744567,5.976997980046008],[0.7031913887651626,5.961147980031228],[0.7227143887835155,5.970611980040076],[0.7498733888087372,5.951097980021814],[0.7632023888211279,5.953418980024026],[0.7684813888261033,5.958488980028733]]]},"properties":{"NAME":"AVU LAGOON","F_CODE_DES":"Inland Water","HYC_DESCRI":"Perennial/Permanent"}},
{"type":"Feature","geometry":null,"properties":{"NAME":"","F_CODE_DES":"Land Subject to Inundation","HYC_DESCRI":"Non-Perennial/Intermittent/Fluctuating"}},
{"type":"Feature","geometry":{"type":"Polygon","coordinates":[[[0.7151053887762373,5.984173980052674],[0.7060273887677795,6.000019980067464],[0.7082353887699355,5.980457980049323],[0.7151053887762373,5.984173980052674]]]},"properties":{"NAME":"","F_CODE_DES":"Land Subject to Inundation","HYC_DESCRI":"Non-Perennial/Intermittent/Fluctuating"}},
{"type":"Feature","geometry":null,"properties":{"NAME":"EKA LAGOON","F_CODE_DES":"Inland Water","HYC_DESCRI":"Perennial/Permanent"}},
{"type":"Feature","geometry":{"type":"Polygon","coordinates":[[[0.5737193886445766,5.988769980056986],[0.5592473886310927,5.974170980043482],[0.5700253886411701,5.955327980025913],[0.5822393886526243,5.9068849799807595],[0.5929993886625198,5.893976979968784],[0.6002173886693072,5.884335979959815],[0.6168163886848106,5.85706397993431],[0.6146643886827405,5.850561979928216],[0.6163713886844562,5.839606979918017],[0.6234813886910615,5.83546497991415],[0.6330603886999597,5.8464499799245],[0.6352613887020198,5.899604979973901],[0.6265103886937595,5.908102979981777],[0.6149393886830694,5.950188980021039],[0.5737193886445766,5.988769980056986]]]},"properties":{"NAME":"","F_CODE_DES":"Land Subject to Inundation","HYC_DESCRI":"Non-Perennial/Intermittent/Fluctuating"}},
{"type":"Feature","geometry":{"type":"Polygon","coordinates":[[[0.7705543888280317,5.955960980026475],[0.7684813888261033,5.958488980028733],[0.7632023888211279,5.953418980024026],[0.7794173888362366,5.927301979999811],[0.7705543888280317,5.955960980026475]]]},"properties":{"NAME":"","F_CODE_DES":"Land Subject to Inundation","HYC_DESCRI":"Non-Perennial/Intermittent/Fluctuating"}},
{"type":"Feature","geometry":{"type":"Polygon","coordinates":[[[0.7986593888540483,5.918499979991566],[0.8142573888687821,5.9389999800105215],[0.7926233888485967,5.955073980025645],[0.7705543888280317,5.955960980026475],[0.7794173888362366,5.927301979999811],[0.7986593888540483,5.918499979991566]]]},"properties":{"NAME":"","F_CODE_DES":"Land Subject to Inundation","HYC_DESCRI":"Non-Perennial/Intermittent/Fluctuating"}},
{"type":"Feature","geometry":null,"properties":{"NAME":"NOGUI LAGOON","F_CODE_DES":"Inland Water","HYC_DESCRI":"Perennial/Permanent"}},
{"type":"Feature","geometry":null,"properties":{"NAME":"UNK","F_CODE_DES":"Inland Water","HYC_DESCRI":"Perennial/Permanent"}},
{"type":"Feature","geometry":null,"properties":{"NAME":"UNK","F_CODE_DES":"Inland Water","HYC_DESCRI":"Perennial/Permanent"}},
{"type":"Feature","geometry":null,"properties":{"NAME":"UNK","F_CODE_DES":"Inland Water","HYC_DESCRI":"Perennial/Permanent"}},
{"type":"Feature","geometry":{"type":"Polygon","coordinates":[[[0.7986593888540483,5.918499979991566],[0.7794173888362366,5.927301979999811],[0.7922533888481667,5.900543979974827],[0.8111053888658262,5.8978109799722915],[0.8055693888604765,5.910226979983918],[0.7986593888540483,5.918499979991566]]]},"properties":{"NAME":"","F_CODE_DES":"Land Subject to Inundation","HYC_DESCRI":"Non-Perennial/Intermittent/Fluctuating"}},
{"type":"Feature","geometry":{"type":"Polygon","coordinates":[[[0.6903903887532579,5.92063297999357],[0.6786563887424109,5.926826979999305],[0.6686163887329712,5.885164979960564],[0.6868043887500335,5.868627979945131],[0.6775383887413682,5.853236979930671],[0.6773643887411254,5.829247979908359],[0.6596403887247106,5.810311979890685],[0.6837543887470474,5.773822979856732],[0.7087403887703658,5.773293979856362],[0.7095663887712362,5.773164979856119],[0.7158903887770975,5.781922979864248],[0.7142743887754932,5.7881979798701195],[0.7379123887976675,5.800333979881543],[0.744792388803944,5.829833979908926],[0.757632388815864,5.848261979926065],[0.7790023888358064,5.851514979929107],[0.7481613888071479,5.87608797995199],[0.7085873887701837,5.8988049799731925],[0.6903903887532579,5.92063297999357]]]},"properties":{"NAME":"","F_CODE_DES":"Land Subject to Inundation","HYC_DESCRI":"Non-Perennial/Intermittent/Fluctuating"}},
{"type":"Feature","geometry":{"type":"Polygon","coordinates":[[[0.8161873888705031,5.882632979958089],[0.8303953888837441,5.909112979982865],[0.8055693888604765,5.910226979983918],[0.8111053888658262,5.8978109799722915],[0.8161873888705031,5.882632979958089]]]},"properties":{"NAME":"UNK","F_CODE_DES":"Inland Water","HYC_DESCRI":"Perennial/Permanent"}},
{"type":"Feature","geometry":null,"properties":{"NAME":"LOGUI","F_CODE_DES":"Inland Water","HYC_DESCRI":"Perennial/Permanent"}},
{"type":"Feature","geometry":null,"properties":{"NAME":"UNK","F_CODE_DES":"Inland Water","HYC_DESCRI":"Perennial/Permanent"}},
{"type":"Feature","geometry":null,"properties":{"NAME":"","F_CODE_DES":"Land Subject to Inundation","HYC_DESCRI":"Non-Perennial/Intermittent/Fluctuating"}},
{"type":"Feature","geometry":null,"properties":{"NAME":"","F_CODE_DES":"Land Subject to Inundation","HYC_DESCRI":"Non-Perennial/Intermittent/Fluctuating"}},
{"type":"Feature","geometry":null,"properties":{"NAME":"UNK","F_CODE_DES":"Inland Water","HYC_DESCRI":"Perennial/Permanent"}},
{"type":"Feature","geometry":{"type":"Polygon","coordinates":[[[0.8873453889366374,5.795526979876968],[0.8778923889278758,5.814611979894835],[0.9143833889618236,5.849865979927699],[0.9042233889524596,5.881144979956844],[0.8815123889312417,5.852122979929618],[0.8413093888939329,5.839411979917941],[0.8298403888832127,5.825128979904548],[0.8398433888924046,5.813427979893731],[0.845272388897456,5.803981979884838],[0.8567803889081915,5.794103979875672],[0.8682713889190836,5.79388997987553],[0.8873453889366374,5.795526979876968]]]},"properties":{"NAME":"","F_CODE_DES":"Land Subject to Inundation","HYC_DESCRI":"Non-Perennial/Intermittent/Fluctuating"}},
{"type":"Feature","geometry":{"type":"Polygon","coordinates":[[[0.6168163886848106,5.85706397993431],[0.6002173886693072,5.884335979959815],[0.5950143886645947,5.876458979952304],[0.5518603886243909,5.870019979946392],[0.50644838858193,5.8810369799566615],[0.48837938856513574,5.872332979948624],[0.4541213885331672,5.872424979948619],[0.38584038846965996,5.85121297992896],[0.3307573884183057,5.821855979901557],[0.3063343883957259,5.819405979899329],[0.3150643884036981,5.786360979868505],[0.35779738844348685,5.788102979870018],[0.3791243884634241,5.808451979889014],[0.413560388495398,5.846051979924141],[0.46342338854196896,5.852359979929815],[0.4878113885647508,5.840210979918538],[0.5117823885868802,5.805970979886752],[0.5166443885914305,5.7882609798703015],[0.5511333886236116,5.780270979862735],[0.5782653886487878,5.780866979863276],[0.5612363886330058,5.785349979867533],[0.5577493886298726,5.805823979886554],[0.5809633886512984,5.805633979886352],[0.5885803886585563,5.7881599798702155],[0.6185443886863595,5.789316979871273],[0.6188103886865974,5.795617979877079],[0.5854863886556814,5.821606979901389],[0.589857388659766,5.842817979920937],[0.6168163886848106,5.85706397993431]]]},"properties":{"NAME":"","F_CODE_DES":"Land Subject to Inundation","HYC_DESCRI":"Non-Perennial/Intermittent/Fluctuating"}},
{"type":"Feature","geometry":{"type":"Polygon","coordinates":[[[0.757632388815864,5.848261979926065],[0.744792388803944,5.829833979908926],[0.7568193888150745,5.784522979866779],[0.779820388836697,5.7737439798568175],[0.817295388871571,5.778641979861277],[0.8225523888763746,5.7830099798652554],[0.8193303888733681,5.7859969798680595],[0.8115123888660492,5.788516979870565],[0.7963353888519578,5.7935559798752365],[0.7542253888127561,5.823865979903303],[0.757632388815864,5.848261979926065]]]},"properties":{"NAME":"ANGAW LAGOON","F_CODE_DES":"Inland Water","HYC_DESCRI":"Perennial/Permanent"}},
{"type":"Feature","geometry":{"type":"Polygon","coordinates":[[[0.5511333886236116,5.780270979862735],[0.5166443885914305,5.7882609798703015],[0.5117823885868802,5.805970979886752],[0.4878113885647508,5.840210979918538],[0.46342338854196896,5.852359979929815],[0.413560388495398,5.846051979924141],[0.3791243884634241,5.808451979889014],[0.42053038850190205,5.810400979890801],[0.4483923885279637,5.784912979867158],[0.5511333886236116,5.780270979862735]]]},"properties":{"NAME":"SONGAW LAGOON","F_CODE_DES":"Inland Water","HYC_DESCRI":"Perennial/Permanent"}},
{"type":"Feature","geometry":null,"properties":{"NAME":"UNK","F_CODE_DES":"Inland Water","HYC_DESCRI":"Perennial/Permanent"}},
{"type":"Feature","geometry":{"type":"Polygon","coordinates":[[[0.8190673888732363,5.806705979887511],[0.7790023888358064,5.851514979929107],[0.757632388815864,5.848261979926065],[0.7542253888127561,5.823865979903303],[0.7963353888519578,5.7935559798752365],[0.8115123888660492,5.788516979870565],[0.8190673888732363,5.806705979887511]]]},"properties":{"NAME":"","F_CODE_DES":"Land Subject to Inundation","HYC_DESCRI":"Non-Perennial/Intermittent/Fluctuating"}},
{"type":"Feature","geometry":null,"properties":{"NAME":"UNK","F_CODE_DES":"Inland Water","HYC_DESCRI":"Perennial/Permanent"}},
{"type":"Feature","geometry":{"type":"Polygon","coordinates":[[[0.8398433888924046,5.813427979893731],[0.8298403888832127,5.825128979904548],[0.8190673888732363,5.806705979887511],[0.8115123888660492,5.788516979870565],[0.8193303888733681,5.7859969798680595],[0.8398433888924046,5.813427979893731]]]},"properties":{"NAME":"","F_CODE_DES":"Land Subject to Inundation","HYC_DESCRI":"Non-Perennial/Intermittent/Fluctuating"}},
{"type":"Feature","geometry":{"type":"Polygon","coordinates":[[[0.3150643884036981,5.786360979868505],[0.3063343883957259,5.819405979899329],[0.2893263883797772,5.805529979886387],[0.2898473883801671,5.779307979861869],[0.3150643884036981,5.786360979868505]]]},"properties":{"NAME":"","F_CODE_DES":"Land Subject to Inundation","HYC_DESCRI":"Non-Perennial/Intermittent/Fluctuating"}},
{"type":"Feature","geometry":{"type":"Polygon","coordinates":[[[0.845272388897456,5.803981979884838],[0.8398433888924046,5.813427979893731],[0.8193303888733681,5.7859969798680595],[0.8225523888763746,5.7830099798652554],[0.8567803889081915,5.794103979875672],[0.845272388897456,5.803981979884838]]]},"properties":{"NAME":"","F_CODE_DES":"Land Subject to Inundation","HYC_DESCRI":"Non-Perennial/Intermittent/Fluctuating"}},
{"type":"Feature","geometry":null,"properties":{"NAME":"","F_CODE_DES":"Land Subject to Inundation","HYC_DESCRI":"Non-Perennial/Intermittent/Fluctuating"}},
{"type":"Feature","geometry":null,"properties":{"NAME":"","F_CODE_DES":"Land Subject to Inundation","HYC_DESCRI":"Non-Perennial/Intermittent/Fluctuating"}},
{"type":"Feature","geometry":{"type":"Polygon","coordinates":[[[0.5885803886585563,5.7881599798702155],[0.5809633886512984,5.805633979886352],[0.5577493886298726,5.805823979886554],[0.5612363886330058,5.785349979867533],[0.5782653886487878,5.780866979863276],[0.5885803886585563,5.7881599798702155]]]},"properties":{"NAME":"","F_CODE_DES":"Land Subject to Inundation","HYC_DESCRI":"Non-Perennial/Intermittent/Fluctuating"}},
{"type":"Feature","geometry":{"type":"Polygon","coordinates":[[[0.8682713889190836,5.79388997987553],[0.8567803889081915,5.794103979875672],[0.8225523888763746,5.7830099798652554],[0.817295388871571,5.778641979861277],[0.8516543889033983,5.782516979864795],[0.8682713889190836,5.79388997987553]]]},"properties":{"NAME":"","F_CODE_DES":"Land Subject to Inundation","HYC_DESCRI":"Non-Perennial/Intermittent/Fluctuating"}},
{"type":"Feature","geometry":{"type":"Polygon","coordinates":[[[0.8888013889381909,5.79519997987677],[0.8873453889366374,5.795526979876968],[0.8682713889190836,5.79388997987553],[0.8888013889381909,5.79519997987677]]]},"properties":{"NAME":"","F_CODE_DES":"Land Subject to Inundation","HYC_DESCRI":"Non-Perennial/Intermittent/Fluctuating"}},
{"type":"Feature","geometry":{"type":"Polygon","coordinates":[[[0.5782653886487878,5.780866979863276],[0.6185443886863595,5.789316979871273],[0.5885803886585563,5.7881599798702155],[0.5782653886487878,5.780866979863276]]]},"properties":{"NAME":"","F_CODE_DES":"Land Subject to Inundation","HYC_DESCRI":"Non-Perennial/Intermittent/Fluctuating"}},
{"type":"Feature","geometry":null,"properties":{"NAME":"","F_CODE_DES":"Land Subject to Inundation","HYC_DESCRI":"Non-Perennial/Intermittent/Fluctuating"}},
{"type":"Feature","geometry":{"type":"Polygon","coordinates":[[[0.7087403887703658,5.773293979856362],[0.6837543887470474,5.773822979856732],[0.6831773887465715,5.7734819798565695],[0.7087403887703658,5.773293979856362]]]},"properties":{"NAME":"","F_CODE_DES":"Land Subject to Inundation","HYC_DESCRI":"Non-Perennial/Intermittent/Fluctuating"}},
{"type":"Feature","geometry":null,"properties":{"NAME":"LAIWI LAGOON","F_CODE_DES":"Inland Water","HYC_DESCRI":"Perennial/Permanent"}},
{"type":"Feature","geometry":null,"properties":{"NAME":"SAKUMO LAGOON","F_CODE_DES":"Inland Water","HYC_DESCRI":"Perennial/Permanent"}},
{"type":"Feature","geometry":{"type":"Polygon","coordinates":[[[-0.26471461213623115,5.531459979631109],[-0.26752161213880754,5.574683979671363],[-0.2889686121588966,5.561317979658952],[-0.3002326121693386,5.542088979640994],[-0.26471461213623115,5.531459979631109]]]},"properties":{"NAME":"","F_CODE_DES":"Land Subject to Inundation","HYC_DESCRI":"Non-Perennial/Intermittent/Fluctuating"}},
{"type":"Feature","geometry":null,"properties":{"NAME":"KAWLI LAGOON","F_CODE_DES":"Inland Water","HYC_DESCRI":"Perennial/Permanent"}},
{"type":"Feature","geometry":null,"properties":{"NAME":"NYANYA LAGOON","F_CODE_DES":"Inland Water","HYC_DESCRI":"Perennial/Permanent"}},
{"type":"Feature","geometry":null,"properties":{"NAME":"LAGUNE EHY","F_CODE_DES":"Inland Water","HYC_DESCRI":"Perennial/Permanent"}},
{"type":"Feature","geometry":null,"properties":{"NAME":"MUNI LAGOON","F_CODE_DES":"Inland Water","HYC_DESCRI":"Perennial/Permanent"}},
{"type":"Feature","geometry":null,"properties":{"NAME":"AMISA LAGOON","F_CODE_DES":"Inland Water","HYC_DESCRI":"Perennial/Permanent"}},
{"type":"Feature","geometry":{"type":"Polygon","coordinates":[[[-0.9130846127400218,5.222643979343502],[-0.9422396127672528,5.219086979340091],[-0.925654612751714,5.1976079793200824],[-0.9130846127400218,5.222643979343502]]]},"properties":{"NAME":"NAKWA LAGOON","F_CODE_DES":"Inland Water","HYC_DESCRI":"Perennial/Permanent"}},
{"type":"Feature","geometry":null,"properties":{"NAME":"UNK","F_CODE_DES":"Inland Water","HYC_DESCRI":"Perennial/Permanent"}},
{"type":"Feature","geometry":{"type":"Polygon","coordinates":[[[-2.908949614598896,5.112727979241072],[-2.9106096146003892,5.083944979214266],[-2.88724961457865,5.094212979223812],[-2.908949614598896,5.112727979241072]]]},"properties":{"NAME":"UNVAIYE LAGOON","F_CODE_DES":"Inland Water","HYC_DESCRI":"Perennial/Permanent"}},
{"type":"Feature","geometry":null,"properties":{"NAME":"BENYA LAGOON","F_CODE_DES":"Inland Water","HYC_DESCRI":"Perennial/Permanent"}},
{"type":"Feature","geometry":null,"properties":{"NAME":"MPOPRO KUMA LAGOON","F_CODE_DES":"Inland Water","HYC_DESCRI":"Perennial/Permanent"}},
{"type":"Feature","geometry":null,"properties":{"NAME":"DOMINI LAGOON","F_CODE_DES":"Inland Water","HYC_DESCRI":"Perennial/Permanent"}},
{"type":"Feature","geometry":null,"properties":{"NAME":"AMANSURI","F_CODE_DES":"Inland Water","HYC_DESCRI":"Perennial/Permanent"}},
{"type":"Feature","geometry":null,"properties":{"NAME":"UNK","F_CODE_DES":"Inland Water","HYC_DESCRI":"Perennial/Permanent"}},
{"type":"Feature","geometry":null,"properties":{"NAME":"AMANSURI LAGOON","F_CODE_DES":"Inland Water","HYC_DESCRI":"Perennial/Permanent"}},
{"type":"Feature","geometry":null,"properties":{"NAME":"UNK","F_CODE_DES":"Inland Water","HYC_DESCRI":"Perennial/Permanent"}},
{"type":"Feature","geometry":null,"properties":{"NAME":"UNK","F_CODE_DES":"Inland Water","HYC_DESCRI":"Perennial/Permanent"}}
]}